"point","Nombre Peaje","Ubicación","Sector","Sentido","Poste de Referencia PR","Distancia PR","Telefono Grúa","Telefono Peaje","URL Foto","Categoria I","Categoria II","Categoria III","Categoria IV","Categoria V","Categoria VI","Categoria VII","Categoria VIII","Categoria IX","Categoria E","Categoria EAE","Categoria EC","Categoria EIE","Categoria IE","Categoria IEE","Categoria IEEE","Categoria IEX","Categoria IIA","Categoria IIE","Categoria IIIE","Categoria IVE","Categoria VE","Categoria VIE","Categoria VIIE","Administrador","Código Peaje","Código Tramo","Eje Adicional","Eje Adicional R","Eje Grua","Latitud","Longitud","Responsable","Territorial"
"POINT (-76.32849669799998 3.995509249000065)","RÍO FRÍO","Mediacanoa - Ansermanuevo","Mediacanoa - Roldanillo","Norte – Sur  / Sur - Norte","13","600","Por Definir","3102454252","https://hermes.invias.gov.co/recursos/Fichas%20Peajes/3873.pdf","12,200","13,000","27,900","35,400","39,800","0","0","0","0","0","0","0","0","0","0","0","0","0","0","0","0","0","0","0","1","4","2302","12,500","12,100","9,100","3.99550925","-76.3284967","INVIAS","25"
"POINT (-75.77560327799995 5.33243849400003)","SAN CLEMENTE","Vía Cauyá - El Palo","Cauyá - La Felisa","Ambos sentidos de circulación","17","150","Por Definir","3102454264","https://hermes.invias.gov.co/recursos/Fichas%20Peajes/3931.pdf","12,200","13,000","27,900","35,400","39,800","0","0","0","0","0","0","0","0","0","0","0","0","0","0","0","0","0","0","0","1","21","2508","12,500","12,100","9,100","5.33243849","-75.77560328","INVIAS","5"
"POINT (-72.99948186899996 6.825634367000021)","LOS CUROS","Aratoca - Bucaramanga","San Gil - Bucaramanga","Aplica en ambos sentidos","53","730","Por Definir","Por Definir","https://hermes.invias.gov.co/recursos/Fichas%20Peajes/3817.pdf","12,100","12,900","33,500","41,500","48,600","0","0","0","0","0","0","0","0","0","0","0","0","0","0","0","0","0","0","0","1","85","45A07","14,300","14,000","9,800","6.82563437","-72.99948187","INVIAS","22"
"POINT (-73.91282774399997 5.104394194000065)","CASABLANCA","Cogua – Tausa Km 40+000","Bogotá - Ubaté","Sur – Norte // Norte – Sur","40","0","Por Definir","Por Definir","https://hermes.invias.gov.co/recursos/Fichas%20Peajes/3990.pdf","12,100","12,900","33,500","41,500","48,600","0","0","0","0","0","0","0","0","0","0","0","0","0","0","0","0","0","0","0","1","81","45A04","14,300","14,000","9,800","5.10439419","-73.91282774","INVIAS","12"
"POINT (-73.50115777799994 5.557684876000053)","SÁCHICA","Vía Chiquinquirá Tunja km 42+800 Jurisdicción Sáchica","Sáchica - Tunja","Ambos sentidos de circulación","50","200","Por Definir","3102455356","https://hermes.invias.gov.co/recursos/Fichas%20Peajes/3884.pdf","12,200","13,000","27,900","35,400","39,800","0","0","0","0","0","0","0","0","4,100","0","0","0","0","4,100","0","0","0","0","0","1","113","6008","12,500","12,100","9,100","5.55768488","-73.50115778","INVIAS","4"
"POINT (-73.47761993899996 5.795024657000056)","ARCABUCO","Barbosa - Tunja","Barbosa - Tunja","Ambos sentidos de circulación","27","700","Por Definir","3205221387","https://hermes.invias.gov.co/recursos/Fichas%20Peajes/3896.pdf","12,200","13,000","27,900","35,400","39,800","0","0","0","0","0","0","0","0","0","0","0","0","0","0","0","0","0","0","0","1","116","6209","12,500","12,100","9,100","5.79502466","-73.47761994","INVIAS","4"
"POINT (-72.92125203099994 5.631278507000047)","EL CRUCERO","Via Sogamoso Yopal Km 8+900  Jurisdiccion Sogamoso","Sogamoso - El Crucero","Ambos sentidos de circulación","13","150","Por Definir","3102455402-3134819171","https://hermes.invias.gov.co/recursos/Fichas%20Peajes/3875.pdf","12,200","13,000","27,900","35,400","39,800","0","0","0","0","0","0","0","0","3,200","0","0","0","0","3,500","0","0","0","0","0","1","117","6211","12,500","12,100","9,100","5.63127851","-72.92125203","INVIAS","4"
"POINT (-73.08030866699994 6.617696089000049)","CURITÍ","San Gil - Aratoca","San Gil - Bucaramanga","Ambos sentidos","11","320","Por Definir","Por Definir","https://hermes.invias.gov.co/recursos/Fichas%20Peajes/3986.pdf","12,100","12,900","33,500","41,500","48,600","0","0","0","0","0","0","0","0","9,100","0","0","0","0","0","0","0","0","0","0","1","84","45A07","14,300","14,000","9,800","6.61769609","-73.08030867","INVIAS","22"
"POINT (-73.33328956899999 6.178236419000029)","OIBA","Vía Puente Nacional – San Gil Km 62+950","Puente Nacional - San Gil","NORESTE- SUROCCIDENTE","63","0","Por Definir","Por Definir","https://hermes.invias.gov.co/recursos/Fichas%20Peajes/3839.pdf","12,100","12,900","33,500","41,500","48,600","0","0","0","0","0","0","0","0","1,300","0","0","0","0","1,300","0","0","0","0","0","1","83","45A06","14,300","14,000","9,800","6.17823642","-73.33328957","INVIAS","22"
"POINT (-75.24303962799996 6.1246070980000695)","COCORNÁ","KM 03+100 RUTA 6005 Via Santuario - Puerto Triunfo","El Santuario - Cruce Ruta 45 (Caño Alegre)","Sur – Norte","3","95","(322 384 5814) este número también sirve para solicitar ambulancia","Por Definir","https://hermes.invias.gov.co/recursos/Fichas%20Peajes/3861.pdf","17,900","27,900","24,400","30,300","60,600","86,200","86,200","0","0","0","0","0","0","1,700","0","0","0","0","1,700","1,700","1,700","0","0","0","1","111","6005","0","0","0","6.1246071","-75.24303963","INVIAS","1"
"POINT (-74.61139540599999 5.8725989140000365)","PUERTO TRIUNFO","KM 130+100 RUTA 6005 Autopista  Medellin - Bogota","Santuario - Cruce Ruta 45 (Caño Alegre)","Sur – Norte","130","100","322 384 5814","Por Definir","https://hermes.invias.gov.co/recursos/Fichas%20Peajes/3808.pdf","17,900","27,900","24,400","30,300","60,600","86,200","86,200","0","0","0","0","0","0","0","0","0","0","0","0","0","0","0","0","0","1","112","6005","0","0","0","5.87259891","-74.61139541","INVIAS","1"
"POINT (-73.74466587899997 5.727864796000063)","SABOYÁ","Vía Ubate Puente Nacional  Km 66+200 Jurisdicción Saboyá","Ubaté - Puente Nacional","Ambos sentidos de circulación","66","500","Por Definir","Por Definir","https://hermes.invias.gov.co/recursos/Fichas%20Peajes/3953.pdf","12,100","12,900","33,500","41,500","48,600","0","0","0","0","0","0","0","0","3,400","0","0","0","0","3,400","0","0","0","0","0","1","82","45A05","14,300","14,000","9,800","5.7278648","-73.74466588","INVÍAS","4"
"POINT (-74.68461734999994 5.20310293600005)","BICENTENARIO","Villeta - Puerto Salgar","Honda - Villeta","Ambos sentido de circulación","7","975","Por Definir","3232059073","https://hermes.invias.gov.co/recursos/Fichas%20Peajes/3847.pdf","13,000","17,000","39,600","48,000","55,700","0","0","0","0","0","0","0","0","6,500","0","0","0","0","8,100","0","0","0","0","0","1","94","5008","12,500","12,100","9,100","5.20310294","-74.68461735","INVIAS","12"
"POINT (-77.42839699999996 1.0645730000000526)","EL PLACER","Nariño - Tangua","Rumichaca - Pasto",,"0","0","Por Definir","Por Definir",,"14,200","17,200","33,600","42,000","45,300","0","0","0","0","0","0","0","0","0","0","0","0","0","0","0","0","0","0","0","2",,"2501","0","0","0","0","0","Por Definir","28"
"POINT (-74.89470399999993 7.63328800000005)","ZARAGOZA","Antioquia - Zaragoza","Autopista Conexión Norte",,"21","310","Por Definir","Por Definir",,"15,900","19,700","19,700","19,700","46,700","58,600","67,500","0","0","0","0","0","0","0","0","0","0","0","0","0","0","0","0","0","2",,"25AN17","0","0","0","0","0","Por Definir","28"
"POINT (-75.51879912299995 4.44552673000004)","TÚNEL DE LA LÍNEA TOLIMA","Armenia - Ibague","Armenia - La Línea","Un solo sentido","36","10","310 304 3854",,,"12,400","13,900","28,400","36,100","40,800","0","0","0","0","0","0","0","0","2,900","0","0","0","0","2,900","0","0","0","0","0","1","49","4003","12,500","12,100","9,100","4.44552673","-75.51879912","INVIAS","24"
"POINT (-75.58938145199994 4.523457708000024)","TÚNEL DE LA LÍNEA QUINDÍO","Calarcá - Cajamarca","Ibague - Armenia","Un solo sentido","15","550","316 570 34 32",,,"12,400","13,900","28,400","36,100","40,800","0","0","0","0","0","0","0","0","2,900","0","0","0","0","2,900","0","0","0","0","0","1","50","4003","12,500","12,100","9,100","4.52345771","-75.58938145","INVIAS","20"
"POINT (-75.85996286299996 4.793408209000063)","CERRITOS II","Vía Andalucía – Y de Cerritos PR2506 Km 86","La Victoria - Cartago - Cerritos","Sur – Norte","85","867","Por Definir","3128509233 - 3113042754 - 3132158","http://hermes.invias.gov.co/carreteras/images/peajes/peaje.jpg","15,200","17,300","42,900","56,100","64,300","0","0","0","0","0","0","0","0","3,300","0","0","0","0","11,200","0","0","0","0","0","1","18","2506","19,200","1,900","13,000","4.79340821","-75.85996286","Concesionaria de Occidente","21"
"POINT (-76.04953244799998 4.665424977000043)","TORO","Mediacanoa - Ansermanuevo","Roldanillo - La Virginia","Sur - Norte // Norte - Sur","106","0","Por Definir","3102454238","https://hermes.invias.gov.co/recursos/Fichas%20Peajes/3872.pdf","12,200","13,000","27,900","35,400","39,800","0","0","0","0","0","0","0","0","3,600","0","0","0","0","4,100","0","0","0","0","0","1","5","2302","12,500","12,100","9,100","4.66542498","-76.04953245","INVIAS","25"
"POINT (-77.28445243599998 1.4254560820000393)","CANO","San Juan de Pasto - Cano","Pasto - Mojarras","Norte – Sur","36","0","Por Definir","Por Definir","https://hermes.invias.gov.co/recursos/Fichas%20Peajes/3862.pdf","14,800","15,800","32,300","42,400","48,900","0","0","0","0","0","0","0","0","0","0","0","0","0","0","0","0","0","0","0","1","10","2502","14,100","13,800","9,400","1.42545608","-77.28445244","INVIAS","17"
"POINT (-76.85116468499996 2.1889494600000603)","EL BORDO","Kilometro 60+800 Vía Panamericana Mojarras – Popayan","Mojarras - Popayán","Sur – Norte // Norte – Sur","61","300","Por Definir","3112363938 / 2800138","https://hermes.invias.gov.co/recursos/Fichas%20Peajes/3975.pdf","12,400","13,900","28,400","36,100","40,800","0","0","0","0","0","0","0","0","0","0","0","0","0","0","0","0","0","0","0","1","11","2503","12,500","12,100","9,100","2.18894946","-76.85116469","INVIAS","8"
"POINT (-72.48416463899997 7.867456472000072)","LA PARADA","Km. 2 de la Autopista Internacional que comunica a Cúcuta con San Antonio","Cúcuta - Puente Internacional Simón Bolívar","Sentido San Antonio (Venezuela) - Cúcuta","1","792","320 345 2139","3104946611","http://hermes.invias.gov.co/carreteras/images/peajes/peaje.jpg","2,700","2,700","2,700","2,700","2,700","0","0","0","0","0","0","0","0","0","0","0","0","0","0","0","0","0","0","0","1","129","7010","2,700","0","2,700","7.86745647","-72.48416464","INVIAS","18"
"POINT (-73.49857233599994 8.231238330000053)","PLATANAL","Km 14 Vía Aguasclaras – Ocaña","Aguaclara - Río de Oro","Sur – Norte Ambos sentidos","14","200","Por Definir","Por Definir","https://hermes.invias.gov.co/recursos/Fichas%20Peajes/3915.pdf","11,800","13,000","27,400","34,800","39,800","0","0","0","0","0","0","0","0","500","0","0","0","0","500","14,200","17,900","20,200","0","0","1","128","7007","12,500","12,100","9,100","8.23123833","-73.49857234","INVIAS","26"
"POINT (-73.26364196699996 7.632819006000034)","RÍO BLANCO","Rio Negro – San Alberto","Río Negro - San Alberto","Norte – Sur","62","960","Por Definir","3124570764","https://hermes.invias.gov.co/recursos/Fichas%20Peajes/3823.pdf","12,400","13,900","28,400","36,100","40,800","0","0","0","0","0","0","0","0","500","0","0","0","0","500","0","0","0","0","0","1","86","45A08","12,500","12,100","9,100","7.55433129","-73.23110812","INVIAS","22"
"POINT (-75.46814039599997 6.830502481000053)","LOS LLANOS","KM 03+450 RUTA 2511 -  vía Medellin - La Costa","Los Llanos - Tarazá","Norte - Sur","3","500","(322 384 5814) este número también sirve para solicitar ambulancia","3102462831","https://hermes.invias.gov.co/recursos/Fichas%20Peajes/3848.pdf","12,400","13,900","28,400","36,100","40,800","0","0","0","0","0","0","0","0","6,500","0","0","0","0","6,900","0","0","0","0","0","1","26","2511","12,500","12,100","9,100","6.83050248","-75.4681404","INVIAS","1"
"POINT (-75.39364303099995 7.589188909000029)","TARAZÁ","KM 01+200 RUTA 2512 -  Via Medellin - La Costa","Tarazá - Caucasia","Sur – Norte","1","300","(322 384 5814) este número también sirve para solicitar ambulancia","3102463888","https://hermes.invias.gov.co/recursos/Fichas%20Peajes/3838.pdf","12,400","13,900","28,400","36,100","40,800","0","0","0","0","0","0","0","0","8,200","0","0","0","0","0","0","0","0","0","0","1","27","2512","12,500","12,100","9,100","7.58918891","-75.39364303","INVIAS","1"
"POINT (-75.48482109599996 8.60485611200005)","CARIMAGUA","Vía Planeta Rica - Sincelejo Km 26 + 300","Planeta Rica - La Ye","Sur – Norte","26","300","Por Definir","3102467110 - 3205221762","https://hermes.invias.gov.co/recursos/Fichas%20Peajes/3821.pdf","17,700","25,300","25,300","25,300","45,900","72,800","84,100","0","0","0","0","0","0","0","0","0","0","0","0","0","0","0","0","0","1","30","2514","0","0","0","8.60485611","-75.4848211","INVIAS","11"
"POINT (-73.47355214799995 9.431032001000062)","RINCÓN HONDO","Tramo que cubre:Vía Rincón Hondo - Agustín Codazzi","San Roque - La Paz","Aplica en ambos sentidos de circulación","17","600","Por Definir","Por Definir","https://hermes.invias.gov.co/recursos/Fichas%20Peajes/3964.pdf","14,000","14,800","16,000","16,900","18,200","51,900","59,500","0","0","0","0","0","0","0","0","0","0","0","0","0","0","0","0","0","1","87","4901","0","0","0","9.431032","-73.47355215","INVIAS","9"
"POINT (-73.23863777499997 10.121725825000055)","SAN DIEGO","Tramo que cubre:Vía Aguztín Codazzi - San Diego","San Roque - La Paz","Aplica en ambos sentidos de circulación","105","250",,,"https://hermes.invias.gov.co/recursos/Fichas%20Peajes/3889.pdf","7,000","7,600","8,200","8,800","18,100","21,900","58,900","0","0","0","0","0","0","5,000","0","0","0","0","0","0","0","0","0","0","1","88","4901","0","0","0","10.12172583","-73.23863778","INVIAS","9"
"POINT (-72.97554032499994 10.800015933000054)","SAN JUAN","Ubicación: 61+400Tramo que cubre:Vía La Paz – Distracción","Río Pereira - Buenavista","Aplica en ambos sentido de circulación","61","400","Por Definir","Por Definir","https://hermes.invias.gov.co/recursos/Fichas%20Peajes/3981.pdf","0","14,000","28,500","36,200","40,900","0","0","0","0","0","0","0","0","0","0","0","0","0","3,200","0","0","0","0","0","1","89","4902","9,900","9,700","7,300","10.80001593","-72.97554033","INVIAS","13"
"POINT (-75.57025199999998 5.540526000000057)","SUPIA",,"Autopista Conexión Pacífico 3",,"81","510","Por Definir","Por Definir",,"10,500","11,400","24,200","30,800","34,700","0","0","0","0","0","0","0","0","0","0","0","0","0","0","0","0","0","0","0","2",,"2508","0","0","0","0","0","Por Definir","28"
"POINT (-75.76027799999997 5.105917000000034)","GUAICO",,,,"0","0","Por Definir","Por Definir",,"21,000","26,100","26,100","26,100","61,400","77,500","89,100","0","0","0","0","0","0","0","0","0","0","0","0","0","0","0","0","0","2","150",,"0","0","0","5.10567543","5.10567543","Por Definir","28"
"POINT (-74.91442599999993 4.958352000000048)","ARMERO","Vía San Gil - Bucaramanga Km 53+730 Jurisdicción Municipio de Piedecuesta","San Gil - Bucaramanga",,"0","0","Por Definir","Por Definir",,"13,700","14,800","15,200","15,800","33,600","45,900","63,500","0","0","0","0","0","0","5,900","0","0","0","0","0","9,300","9,700","0","0","0","2","108","0","0","0","8,000","4.958352","4.958352","Por Definir","28"
"POINT (-75.65746099999996 5.257732000000033)","IRRA",,,,"36","710","Por Definir","Por Definir",,"14,600","18,000","18,000","18,000","42,800","53,700","61,800","0","0","0","0","0","0","6,400","0","0","0","0","7,900","7,900","7,900","5,700","0","0","2","42","2903","0","0","0","5.257732","5.257732","Por Definir","28"
"POINT (-74.83706098999994 10.882175000000075)","GALAPA 02",,,,"11","720","Por Definir","Por Definir",,"8,300","12,300","9,000","15,400","47,600","63,300","70,200","0","0","0","0","0","0","3,300","0","0","0","0","5,300","0","0","0","0","0","2","36","25AT04","0","0","0","10.882175","10.882175","Por Definir","28"
"POINT (-75.28549999999996 4.405747000000076)","COCORA",,,,"0","0","Por Definir","Por Definir",,"14,200","15,500","35,900","47,800","52,800","0","0","0","0","0","0","0","0","0","0","0","0","0","0","0","0","0","0","0","2","151",,"0","0","0","4.405747","4.405747","Por Definir","28"
"POINT (-73.71739199999996 7.083517000000029)","LA LIZAMA","La Lizama","Barrancabermeja -  La Lizama ubicación km 4","Barrancabermeja -  La Lizama (Aplica en ambos sentidos)","4","0","3103910901 - (57) 685 4666","Por Definir",,"16,700","20,400","25,400","32,100","48,700","60,800","70,300","0","0","0","0","0","0","0","0","0","0","0","9,600","6,600","8,300","12,600","0","18,100","2","123","4513","0","0","0","7.08346789","7.08346789","Ruta del Cacao","22"
"POINT (-76.74413653599998 8.210027790000026)","CIRILO","Vía turbo - Necoclí","Vía Turbo - Necoclí","Norte - Sur. Sur - Norte","18","70","3105553979 // #979","3105553979 // #979",,"12,100","13,500","13,500","13,500","27,500","35,400","39,700","0","0","0","0","0","0","4,700","0","0","0","0","6,900","0","0","0","0","0","2","134","9001","0","0","0","8.21002779","8.21002779","Concesión Autopistas Urabá","1"
"POINT (-74.89825118699997 10.934382276000065)","JUAN MINA","Vía La Cordialidad - Galapa","Vía Juan Mina - Las Hermanas","Norte - Sur. Sur - Norte","24,200","0","311 4803629","018000977330",,"8,300","12,300","9,000","15,400","47,600","63,300","70,200","0","0","0","0","0","0","0","0","0","0","0","0","0","0","0","0","0","2","37","25AT04","0","0","0","10.93438228","10.93438228","Concesión Costera Barranquilla - Cartagena","2"
"POINT (-73.93608399999994 4.841656000000057)","SOPÓ","El Salitre - Sopó","Meusa","Sur - Norte","2","0","310 2399451 - #765","313 4609939",,"12,300","19,200","32,200","47,400","64,600","65,300","0","0","0","0","0","0","0","2,200","0","0","0","6,000","11,500","0","0","0","0","0","2","100","50 CN 03","8,700","8,400","6,400","4.84165564","4.84165564","PERIMETRAL ORIENTAL DE BOGOTÁ S.A.S","12"
"POINT (-74.63972599999994 5.458545000000072)","BRISAS","Vía Mediacanoa - Ansermanuevo Km 13","Mediacanoa - Ansermanuevo","(Aplica en ambos sentidos)","7","0","3219738507","3219738507",,"6,400","20,500","28,000","37,400","53,200","85,600","97,900","0","0","0","0","0","0","0","0","0","0","0","0","0","0","0","0","0","2","63","4510","0","0","8,500","5.42592912","5.42592912","Concesión Alto Magdalena SAS","28"
"POINT (-73.18861159799997 7.103127117000042)","LEBRIJA","Vía Fortuna - Bucaramanga Km 65+500 Jurisdicción del municipuio de Lebrija","Lebrija - Palenque","Sur - Norte","64","362","Por Definir","3188884392",,"7,200","8,200","19,600","26,000","29,800","0","0","0","0","0","0","0","0","0","0","0","0","0","0","0","0","0","0","0","1","125","6602","0","0","0","7.10312712","7.10312712","FINDETER","22"
"POINT (-73.14940377699997 7.243267526000068)","RÍONEGRO","Vía Bucaramanga - Rionegro Km 13","La cemento - Rionegro","Norte - Sur","13","100","Por Definir","6569259",,"7,200","8,200","19,600","26,000","29,800","0","0","0","0","0","0","0","0","0","0","0","0","0","0","0","0","0","0","0","1","157","45A08","0","0","0","7.24326753","7.24326753","FINDETER","22"
"POINT (-75.71659899999997 8.709985000000074)","SAN CARLOS","Vía Montería - San Carlos ubicado sobre el Km -  9+700","Monteria - San Carlos","Aplica en ambos sentidos","9","300","3216177100","Por Definir",,"15,800","23,200","23,200","23,200","24,700","36,000","36,100","0","0","0","0","0","0","0","0","0","0","0","0","0","0","0","0","0","2","73","3306","0","0","0","8.77265979","8.77265979","Concesión Ruta al Mar","11"
"POINT (-74.79731899999996 4.56443500000006)","GUATAQUÍ","Km 3 Ruta 45","Tramo que cubre la via Guataquí - Cambao - Honda","Aplica en ambos sentidos","3","0","3219738507","3219738507",,"12,800","17,800","24,400","32,600","46,100","74,600","85,200","0","0","0","0","0","0","0","0","0","0","0","0","0","0","0","0","0","2","69","4508","0","0","0","4.56338247","4.56338247","Concesión Alto Magdalena","12"
"POINT (-76.38109099999997 3.6438960000000407)","ROZO","Vía Palmaseca - Cerrito Km 17","Palmaseca - El Cerrito","Norte – Sur","0","0","Por Definir","Por Definir","https://hermes.invias.gov.co/recursos/Fichas%20Peajes/6004.pdf","11,000","13,300","35,300","46,000","53,000","0","0","0","0","0","0","7,100","4,600","5,000","0","0","0","0","0","0","0","0","0","0","2","17","2505B","10,700","21,200","6,600","3.64385221","3.64385221",,"25"
"POINT (-76.46004499999998 3.1512760000000526)","VILLARICA","Kilometro 91 Vía Panamericana Jurisdicción del Municipio de Villa Rica","Popayán - Jamundí","Sur – Norte // Norte – Sur","89","1,314","Por Definir","Por Definir","https://hermes.invias.gov.co/recursos/Fichas%20Peajes/5607.pdf","11,000","13,300","35,300","46,000","53,000","0","0","0","0","0","0","7,100","4,600","5,000","0","0","0","0","5,900","0","0","0","0","0","2","12","2504","10,700","21,200","6,600","3.15123308","3.15123308",,"8"
"POINT (-76.41132199999998 3.7599120000000426)","MEDIACANOA","Vía Cali – Mediacanoa Km 36+600","Yumbo - Mediacanoa","Sur - Norte // Norte - Sur","51","848","Por Definir","Por Definir","https://hermes.invias.gov.co/recursos/Fichas%20Peajes/5606.pdf","11,000","13,300","35,300","46,000","53,000","0","0","0","0","0","0","7,100","4,100","0","0","0","0","0","0","0","0","0","0","0","2","3","2301","10,700","21,200","6,600","3.75998593","3.75998593","CONCESION ANI","25"
"POINT (-76.31917999999996 3.7130220000000236)","CERRITO","Vía Cali - Andalucia Km 43+200","Cali - Palmira - Buga","Sur - Norte // Norte - Sur","44","893","Por Definir","Por Definir","https://hermes.invias.gov.co/recursos/Fichas%20Peajes/5605.pdf","11,000","13,300","35,300","46,000","53,000","0","0","0","0","0","0","7,100","0","0","0","0","0","0","0","0","0","0","0","0","2","16","2505","10,700","21,200","6,600","3.71309616","3.71309616","CONCESION ANI","25"
"POINT (-76.46268299999997 3.557337000000075)","CENCAR","Vía Yumbo – Aeropuerto Km 2+950","Cali - Yumbo","Sur - Norte // Norte - Sur","0","0","Por Definir","Por Definir","https://hermes.invias.gov.co/recursos/Fichas%20Peajes/5604.pdf","11,000","13,300","35,300","46,000","53,000","0","0","0","0","0","0","7,100","4,600","5,000","0","0","0","0","0","0","0","0","0","0","2","7","2301","10,700","21,200","6,600","3.55738348","3.55738348","CONCESION ANI","25"
"POINT (-76.45765099999994 3.6276020000000244)","PASO DE LA TORRE","Vía Vijes – Rozo Km 1+500","Paso de La Torre - Siberia (Variante Yumbo)","Sur - Norte","26","221","Por Definir","Por Definir","https://hermes.invias.gov.co/recursos/Fichas%20Peajes/5205.pdf","11,000","13,300","35,300","46,000","53,000","0","0","0","0","0","0","7,100","4,100","0","0","0","0","0","0","0","0","0","0","0","2","8","23VL02","10,700","21,200","6,600","3.62759823","3.62759823",,"25"
"POINT (-76.34327899999994 3.523449000000028)","CIAT","Vía Cali – Andalucía Km 17+300","Cali - Palmira - Buga","Norte – Sur","16","344","Por Definir","Por Definir","https://hermes.invias.gov.co/recursos/Fichas%20Peajes/5204.pdf","11,100","13,400","35,800","46,100","53,100","0","0","0","0","0","0","7,100","4,700","5,100","0","0","0","0","8,500","0","0","0","0","0","2","15","2505","10,700","21,200","6,600","3.52353998","3.52353998","CONCESION ANI","25"
"POINT (-76.53681132099996 2.7016901130000406)","TUNIA (SINIESTRADA)","Kilometro 31+100 Vía Panamericana Popayan – Cali","Popayán - Jamundí","Sur – Norte // Norte – Sur","30","1,053","Por Definir","Por Definir","https://hermes.invias.gov.co/recursos/Fichas%20Peajes/4805.pdf","0","0","0","0","0","0","0","0","0","0","0","0","0","0","0","0","0","0","0","0","0","0","0","0","1","13","2504","0","0","0","2.70169011","2.70169011","INVIAS","8"
"POINT (-76.44306499999993 3.500739000000067)","ESTAMBUL","Vía Cali – Andalucía Km 5","Cali - Palmira - Buga","Sur - Norte","4","954","Por Definir","Por Definir","https://hermes.invias.gov.co/recursos/Fichas%20Peajes/4804.pdf","11,100","13,400","35,800","46,100","53,100","0","0","0","0","0","0","7,100","4,700","5,100","0","0","0","0","8,500","0","0","0","0","0","2","14","2505","10,700","21,200","6,600","3.5007222","3.5007222","CONCESION ANI","25"
"POINT (-74.76675940399997 10.957823864000034)","CORREDOR PORTUARIO",,"Calle 6",,"0","0","Por Definir","Por Definir","http://hermes.invias.gov.co/carreteras/images/peajes/peaje.jpg","6,400","7,100","0","20,000","22,200","0","0","0","0","0","0","0","0","0","0","0","0","0","0","0","0","0","0","0","5","178",,"0","0","0","10.95782386","10.95782386","Por Definir","2"
"POINT (-75.44577199999998 10.244507000000056)","PASACABALLOS","Variante de Gambote","Variante de Gambote","Sur - Norte // Norte - Sur","17","240","321 205 72 27",,,"11,400","12,200","26,000","33,700","39,300","39,300","39,300","0","0","0","0","0","0","3,900","0","0","0","0","0","9,100","0","0","0","0","2","149","90BLB","0","0","0","10.24342537","10.24342537","AUTOPISTAS DEL SOL S.A.","3"
"POINT (-75.83676099999997 8.827783000000068)","LOS GARZONES 2","Vía Monteria - Lorica Km. 1 más 320 metros","Montería - Cereté","GARZONES 2  NORTE - SUR.","6","130","3184095455 – 3182406622","3124964386",,"6,100","15,600","24,200","30,600","35,000","0","0","0","0","0","0","0","0","2,400","6,500","0","0","0","4,600","0","0","0","0","0","1","135","2103","0","0","0","8.827956","-75.836952","INVIAS","11"
"POINT (-73.83480799999995 4.2798720000000685)","NARANJAL","Caqueza – Guayabetal Km 44+700","Bogotá (El Portal) - Villavicencio","Occidente – Oriente // Oriente – Occidente","50","166","3123060332 - 3105851322 -3105851325 y #713","3144360298 // 3123060332 - 3105851322","http://hermes.invias.gov.co/carreteras/images/peajes/peaje.jpg","14,100","36,500","27,500","53,900","62,700","72,300","80,300","0","0","0","0","0","0","500","500","0","0","0","500","500","500","500","0","0","2","57","4006","0","0","0","4.28510697","4.28510697","COVIANDINA S.A.S.","12"
"POINT (-73.56001499999996 8.09234900000007)","MORRISON","Km 28+500 Vía San Alberto – Aguaclara","San Alberto - La Mata","Norte – Sur – Norte","39","653","Por Definir","3165280395","https://hermes.invias.gov.co/recursos/Fichas%20Peajes/3995.pdf","12,300","13,300","27,300","34,800","39,500","0","0","0","0","0","0","0","0","0","0","0","0","0","0","0","0","0","0","0","2","74","4514","11,000","10,800","7,800","8.09234873","8.09234873","Concesión ruta el sol","26"
"POINT (-74.50010699999996 4.269378000000074)","CHINAUTA","Soacha – Girardot Km 52","Girardot - Silvania - Bogotá (Bosa)","Sur - Norte // Norte - Sur","51","1,059","3104224687 - 3117872339 - 3117903187","3104224687 - 3117872339 - 3117903187","http://hermes.invias.gov.co/carreteras/images/peajes/peaje.jpg","13,300","14,900","31,500","51,100","58,600","0","0","0","0","0","0","0","2,700","2,700","0","0","0","0","0","0","0","0","0","0","2","53","4005","10,100","9,800","6,600","4.2693784","4.2693784","Concesión Vía 40 Express","12"
"POINT (-76.11843753299996 4.252468251000039)","LA URIBE","Vía Andalucía – Cerritos Km 12+300","Andalucía - La Paila -La Victoria","Norte – Sur  / Sur - Norte","12","296","2238660 - 3155602442","3155602442","http://hermes.invias.gov.co/carreteras/images/peajes/peaje.jpg","8,400","10,800","25,300","34,300","38,000","0","0","0","0","0","0","0","0","0","0","0","0","0","0","0","0","0","0","0","3","155","2506","0","0","0","4.25246825","4.25246825","PISA Proyectos de Infraestructura S.A.","25"
"POINT (-74.71909399999998 4.946412000000066)","CAMBAO","VÍA BUCARAMANGA - SAN GIL","San Gil - Bucaramanga","Aplica en ambos sentidos","5","0","3219738507","3219738507",,"12,800","17,800","24,400","32,600","46,100","74,600","85,200","0","0","0","0","0","0","0","0","0","0","0","0","0","0","0","0","0","2","70","4509","0","0","6,300","4.94629035","4.94629035","Concesión Alto Magdalena","28"
"POINT (-72.20613826599998 5.524910589000058)","LA NEVERA (NO OPERATIVO)","Paz de Ariporo - Yopal Km. 34+900","Paz de Ariporo - Yopal","Bidireccional","34","900","Por Definir","Por Definir",,"0","0","0","0","0","0","0","0","0","0","0","0","0","0","0","0","0","0","0","0","0","0","0","0","1",,"6513","0","0","0","5.52491059","5.52491059","INVÍAS","7"
"POINT (-74.99166099999997 4.507609000000059)","ALVARADO","Vía Andalucía – Y de Cerritos PR2506 Km 86","La Victoria - Cartago - Cerritos","Norte-Sur -  y -  Sur-Norte","19","780","350 666-6375 - 350666-6386","3506666383 - 3506666384 - 3506666385","http://hermes.invias.gov.co/carreteras/images/peajes/alvarado.jpg","13,700","14,600","15,200","15,900","33,500","45,900","49,700","0","0","0","0","0","7,200","8,200","0","0","0","0","0","0","0","0","0","0","2","62","4305","0","0","0","4.50323502","4.50323502","Concesionaria Alternativas Viales  S.A.S","24"
"POINT (-76.66559399999994 3.7630040000000236)","LOBOGUERRERO","VÍA BUENAVENTURA - BUGA KM 63+700 Tramo que cubre: Desde el PR 63+310 en Loboguerrero y finaliza en el PR 118+418 en Buga","Cruce Ruta 40 (Loboguerrero) - Buga","Norte – Sur  / Sur - Norte","63","228","3228171095","3228171095","http://hermes.invias.gov.co/carreteras/images/peajes/peaje.jpg","10,300","11,500","27,400","35,900","40,700","0","0","0","0","0","0","6,600","0","600","0","0","0","0","600","0","0","0","0","0","2","47","4001","11,000","23,100","7,000","3.76297032","3.76297032","CONSORCIO NQS","25"
"POINT (-75.53009899999995 8.301572000000021)","MANGUITOS","Vía Caucasia – Planeta Rica (Municipio de Plaza Bonita) Cubre Tramo Buenavista – Planeta Rica","Caucasia - Planeta Rica","Aplica en ambos sentido","52","138","3216177100","Por Definir","http://hermes.invias.gov.co/carreteras/images/peajes/peaje.jpg","16,100","23,700","23,700","23,700","42,700","67,800","78,000","0","0","0","0","0","6,600","4,700","8,400","0","0","0","13,800","13,800","13,800","0","0","0","2","29","2513","0","0","0","8.30157219","8.30157219","Concesión Ruta al Mar","11"
"POINT (-74.17934399999996 4.698700000000031)","RÍO BOGOTÁ","Fontibon - Mosquera","Los Alpes - Madrid - Bogotá (Rio Bogotá)","Oriente  - Occidente Bogotá  -  Faca","1","485","300 2134184 - 310 3042774 - #235 Tigo -  Movistar y Claro","3792200 – 8930977","http://hermes.invias.gov.co/carreteras/images/peajes/peaje.jpg","11,800","17,600","15,400","20,300","34,400","46,400","50,200","0","0","0","0","0","0","500","0","0","0","0","500","500","500","0","0","0","1","96","5008A","0","0","0","4.6985906","-74.179112","INVIAS","12"
"POINT (-74.05032999999997 4.454584000000068)","BOQUERÓN II","Vía Rio Negro – San Alberto Km  53+100","Río Negro - San Alberto","Occidente – Oriente // Oriente – Occidente","11","1,051","3123060332 - 3105851322 -3105851325 y #713","3123063223 - 3123030336 – 3105851322","http://hermes.invias.gov.co/carreteras/images/peajes/peaje.jpg","16,500","48,500","24,500","64,100","72,300","80,300","96,200","0","0","0","0","0","0","400","1,800","6,100","0","0","12,700","400","0","0","0","0","2","56","40CN01","0","0","8,000","4.45458448","4.45458448","COVIANDINA S.A.S.","12"
"POINT (-73.70642099999998 3.6330370000000585)","IRACÁ","Vía Villavicencio – Granada Km 7+200","Ye de Granada - Paso por el Puente sobre el Río Ocoa","Sur","6","919","(578) 668 49 90-91","(8) 6700868 - #765 018000918624","http://hermes.invias.gov.co/carreteras/images/peajes/peaje.jpg","13,100","25,300","19,200","33,100","48,800","64,500","70,100","0","0","0","0","0","0","4,900","0","0","0","0","0","0","0","0","0","0","2","118","6509","0","0","0","3.63304276","3.63304276","Concesión Autopistas de los Llanos","16"
"POINT (-75.82458499999996 8.845198000000039)","LOS GARZONES 1","Vía Monteria - Lorica Km. 1 más 320 metros","Montería - Cereté","GARZONES 1 SUR – NORTE","1","320","3184095455 – 3182406622","3124964386","http://hermes.invias.gov.co/carreteras/images/peajes/peaje.jpg","6,100","15,600","24,200","30,600","35,000","0","0","0","0","0","0","0","0","2,400","6,500","0","0","0","4,600","0","0","0","0","0","1","1","2103","0","0","0","8.84220992","-75.824447","INVIAS","11"
"POINT (-72.96897899999993 7.1079690000000255)","EL PICACHO","Bucaramanga - Pamplona","Cuestaboba - Pamplona","Sur - Norte  -  Norte - Sur","48","0","3124516349 - 3176462257 y 3004723174","3124516349 - 3176462257 y 3004723174","http://hermes.invias.gov.co/carreteras/images/peajes/el_picacho.jpg","12,400","13,900","28,400","36,200","40,700","0","0","0","0","0","0","0","0","0","0","0","0","0","0","0","0","0","0","0","1","127","6603","12,500","12,100","9,200","7.10799364","-72.968984","INVIAS","22"
"POINT (-74.29114499999997 4.748722000000043)","EL CORZO","El Corzo - Madrid","El Corzo - Madrid","Occidente - Oriente Faca  - Bogota","57","513","(571) 893 09 77","3792200 – 8930977 300 2134184 - 310 3042774 - #235 Tigo -  Movistar y Claro","http://hermes.invias.gov.co/carreteras/images/peajes/peaje.jpg","11,800","17,600","15,400","20,300","34,400","46,400","50,200","0","0","0","0","0","0","500","0","0","0","0","500","500","500","0","0","0","1","95","5008A","0","0","0","4.74867879","-74.2911216","INVIAS","12"
"POINT (-75.52659550699997 6.345100750000029)","NIQUÍA","Km 15+000 Autopista norte","Medellìn - Hoyo Rico","Norte","0","0","(054) 312 11 99-325 06 60","4678141 - 3108992853 - 3108992853 - 2544670 - 01-8000-522-44-77","http://hermes.invias.gov.co/carreteras/images/peajes/peaje.jpg","2,500","2,500","3,200","3,400","3,400","3,400","3,400","0","0","0","0","0","0","0","0","0","0","0","0","0","0","0","0","0","3","156","2510","0","0","0","6.34510075","6.34510075","Concesión Hatovial S.A.S","1"
"POINT (-72.15662399999997 11.36761400000006)","PARAGUACHÓN","Ubicación: 84+475 Tramo que cubre:Cuatro vías - Paraguachón","Riohacha - Paraguachón","Aplica en ambos sentido de circulación","84","476","(5) 728 85 43","3143300807 - (5) 7288542 /43","http://hermes.invias.gov.co/carreteras/images/peajes/peaje.jpg","12,300","19,000","15,300","24,100","35,200","56,600","71,400","0","0","2,900","0","0","4,800","5,500","0","0","3,300","0","3,300","3,300","3,300","0","0","0","2","145","9010","0","0","0","11.36760313","11.36760313","Concesión  Santa Marta Paraguachón S.A.","13"
"POINT (-74.48318539999997 4.883413076000068)","GUAYABAL","Peaje Rio Bogotá – Facatativa – Villeta – Viani – Cambao Km 63 Jurisdicción del Municipio de Guayabal","Guayabal de Síquima - Cambao","Norte - occidente // occidente - norte","0","0","3138879089","3184666166","http://hermes.invias.gov.co/carreteras/images/peajes/peaje.jpg","12,400","16,800","14,100","19,600","35,300","45,700","55,000","0","0","0","0","0","7,900","0","0","0","0","0","11,900","9,700","13,300","24,500","32,100","0","3","162",,"0","0","0","4.88341308","4.88341308","CONCESIÓN PANAMERICANA","12"
"POINT (-75.07477699999998 6.536330000000021)","CISNEROS","KM 03+000 RUTA 6206. Via Cisneros - Puerto Berrio","Cisneros - Alto de Dolores","Aplica en ambos sentidos. Tramo que cubre: Cisneros - Antes de la entrada a la vía secundaria hacia","1","240","311 739 5570 – 018000413724 – (4) 8603102","321 812 2264","http://hermes.invias.gov.co/carreteras/images/peajes/cisneros.jpg","18,000","21,900","21,900","21,900","49,000","63,700","71,400","0","0","0","0","0","1,600","3,100","0","0","0","0","3,400","0","0","0","0","0","2","46","6206","8,700","8,400","6,400","6.53633032","6.53633032","Concesión Vías del Nus – VINUS S.A.S","1"
"POINT (-75.58741799999996 5.027062000000058)","PAVAS (TRINIDAD I)","Club Campestre – La Trinidad Km. 1 + 200","Club Campestre - La Trinidad","Ambos sentidos de circulación","1","211","3138176567 #850","(6) 3282720","http://hermes.invias.gov.co/carreteras/images/peajes/peaje.jpg","14,600","17,500","17,500","17,500","42,600","53,200","61,600","0","0","0","0","0","3,200","3,700","0","0","0","0","4,100","4,300","0","0","0","0","2","44","29CL03-1","0","0","0","5.02705324","5.02705324","CONCESIÓN AUTOPISTAS DEL CAFE","5"
"POINT (-72.94374799999997 4.678609000000051)","SAN PEDRO","Villanueva - Monterrey Km.15+000","Barranca de Upía - Monterrey","Bidireccional","0","0","3178942293  - 018000180818","3168341260","http://hermes.invias.gov.co/carreteras/images/peajes/san_pedro.jpg","10,800","11,600","24,600","31,300","35,000","0","0","0","0","0","0","0","2,300","2,600","0","0","0","0","0","0","0","0","0","0","2","122","6511","8,700","8,400","6,400","4.67858553","4.67858553","Concesiónaria Vial del Oriente - COVIORIENTE S.A.S","7"
"POINT (-74.50138099999998 6.496662000000072)","PUERTO BERRÍO","Vía Alto de Dolores - Puerto Berrío","Cisneros - Puerto Berrío (Incluye el Puente sobre el Río Magdalena)","Aplica en ambos sentido de circulación","85","295","0348326778","3183729221","http://hermes.invias.gov.co/carreteras/images/peajes/puerto_berrio.jpg","10,900","12,100","12,100","12,100","24,800","31,500","35,500","0","0","0","0","0","2,000","2,300","0","0","0","0","2,500","0","0","0","0","0","2","115","6206","8,700","8,400","6,400","6.49664966","6.49664966","Concesión Autopistas del Río Magdalena","1"
"POINT (-74.03308099999998 4.830003000000033)","ANDES","Sector Bogotá (calle 236)-Briceño","Bogotá-La Caro-Tunja","Sur Norte Aplica Únicamente saliendo de Bogotá","2","723","676 06 52","6760652 - 6762948  3125194023 – 3125196546","http://hermes.invias.gov.co/carreteras/images/peajes/peaje.jpg","11,100","19,200","12,500","27,800","42,100","54,000","59,900","0","0","0","0","0","0","0","0","0","0","0","15,700","0","0","0","0","0","2","79","5501","0","0","8,000","4.82267931","4.82267931","CONCESIÓN ACCENORTE","12"
"POINT (-74.94501499999996 10.208106000000043)","CALAMAR","Tramo que cubre:Vía Aguztín Codazzi - San Diego","San Roque - La Paz","Ambos sentidos de circulación","131","39","3162954845 - #270 Claro","3162954845","http://hermes.invias.gov.co/carreteras/images/peajes/calamar.jpg","16,300","20,100","25,000","31,600","48,200","0","0","0","0","0","0","0","2,700","3,100","0","0","0","0","0","0","0","0","0","0","2","33","2515","8,700","8,400","8,500","10.20812679","10.20812679","Concesión Montes de Maria","2"
"POINT (-75.59999512899998 5.3915978760000485)","SUPÍA","Vía La Felisa – La Pintada","La Felisa - La Pintada","Ambos sentidos de circulación","63","434","LINEA GRATUITA: 018000423780 LINEA CELULAR: 3219738470","3219738470","http://hermes.invias.gov.co/carreteras/images/peajes/supia.jpg","16,100","21,300","21,300","21,300","47,800","69,600","77,700","0","0","0","0","7,500","0","0","0","0","0","0","0","0","0","0","0","0","2","20","2508","8,700","8,400","6,400","5.39159788","5.39159788","Concesión Pacífico Tres","5"
"POINT (-75.20375799999994 3.3937870000000316)","EL PATÁ","Vía Neiva – Castilla Km 54+400 Jurisdicción de Aipe","Neiva - Natagaima","Aplica en ambos sentidos de circulación","53","376","667 10 30","3153340727 – 3174340907 - 3502621485","http://hermes.invias.gov.co/carreteras/images/peajes/peaje.jpg","15,700","19,400","23,900","30,300","46,300","58,000","67,100","0","0","0","0","0","0","1,600","0","0","0","0","0","5,300","0","0","0","0","2","67","4506","0","0","0","3.39380979","3.39380979","Concesión Autovía Neiva – Girardot","14"
"POINT (-75.30280999999997 8.03150800000003)","LA APARTADA","Vía Caucasia – Planeta Rica  Km 12","Caucasia - Planeta Rica","Sur – Norte","11","831","3216177100","3102467118","http://hermes.invias.gov.co/carreteras/images/peajes/la_apartada.jpg","14,000","20,700","20,700","20,700","37,500","59,700","68,700","0","0","0","0","0","0","0","0","0","0","0","0","0","0","0","0","0","2","28","2513","0","0","0","8.03128061","8.03128061","Concesión Ruta al Mar","11"
"POINT (-74.18502799999999 4.780402000000038)","SIBERIA","Bogotá (El Cortijo) – Siberia – La Punta – El Vino – Villeta","Villeta - Bogotá","Ambos sentidos de circulación","135","913","5939260","5939260 – 3185577768 – 3102613190 - 3002149460","http://hermes.invias.gov.co/carreteras/images/peajes/peaje.jpg","13,800","19,600","16,500","21,900","38,300","51,200","56,300","5,800","8,000","0","0","0","5,600","6,400","0","0","0","0","9,200","7,500","10,300","0","0","0","2","92","5008","0","0","0","4.78035984","4.78035984","CONCESIÓN SABANA DE OCCIDENTE","12"
"POINT (-74.80898299999996 9.79138800000004)","PUENTE PLATO","KM 0+150  Vía Plata – Pueblo Nuevo","Plato – Pueblo Nuevo","Sur – Norte","0","323","018000945566 Opción 1","3165280403","http://hermes.invias.gov.co/carreteras/images/peajes/peaje.jpg","11,700","14,600","30,500","43,200","46,200","0","0","0","0","2,600","0","0","0","2,900","0","0","0","0","0","0","0","0","0","0","2","131","8002","9,000","8,700","6,500","9.79136573","9.79136573","Concesión (Yuma)","15"
"POINT (-74.82028199999996 5.201584000000025)","HONDA","Km 35 + 100 Vía Mariquita – Honda","Fresno - Honda","Norte – Sur  / Sur - Norte","35","75","350 666-6375 - 350666-6386","3506666383 - 3506666384 - 3506666385","http://hermes.invias.gov.co/carreteras/images/peajes/honda.jpg","13,700","14,600","15,200","15,900","33,500","45,900","49,700","0","0","0","0","0","5,200","6,000","0","0","0","0","0","0","0","0","0","0","2","91","5007","0","0","0","5.20150747","5.20150747","Concesionaria Alternativas Viales SAS.","24"
"POINT (-74.95610499999998 10.967563000000041)","PUERTO COLOMBIA","Vía al Mar Km 93","Cartagena - Lomita Arena","Ambos sentidos de circulación","93","572","018000977330 - 3114803629","3124572706 - 3157210245 o #212 Movistar / 3106303666 o #211 Claro / 3004510014 o #211 Tigo","http://hermes.invias.gov.co/carreteras/images/peajes/peaje.jpg","17,200","25,800","18,900","32,800","102,000","135,800","150,700","0","0","0","0","0","0","12,600","0","0","0","0","19,100","0","0","0","0","0","2","147","90A01","0","0","0","10.96756325","10.96756325","Concesión Costera - Barranquilla - Cartagena","2"
"POINT (-75.81986199999994 9.091459000000043)","MATA DE CAÑA","Vía Monteria - Lorica Km 32+700 Metros","Cereté - Lorica","Sur – Norte","32","632","3216177100","3102468199 - 3145007265","http://hermes.invias.gov.co/carreteras/images/peajes/mata_de_cana.jpg","15,800","23,200","23,200","23,200","24,700","36,000","36,100","0","0","0","0","0","0","8,400","0","0","0","0","12,500","0","0","0","0","0","2","2","2103","0","0","0","9.09142567","9.09142567","Concesión Ruta al Mar","11"
"POINT (-73.95246199999997 6.645326000000068)","AGUAS NEGRAS","Vía Rio Ermitaño La Lizama Km 84","Río Ermitaño - La Lizama","Aplica en ambos sentido de circulación","83","900","Por Definir","3165298177","https://hermes.invias.gov.co/recursos/Fichas%20Peajes/3937.pdf","13,500","17,000","39,500","47,300","55,600","0","0","0","0","0","0","0","0","0","0","0","0","0","0","0","0","0","0","0","2","72","4511","11,000","10,800","8,100","6.64532648","6.64532648","Concesionaria Ruta Del Sol","22"
"POINT (-73.58350399999995 5.290677000000073)","ALBARRACÍN","Vía Bogotá Tunja KM 82+200 -  Jurisdicción Villa Pinzón (Cundinamarca)","Chocontá - Tunja","Ambos sentidos de circulación","80","2,261","3174422284 // 3174341120 // 3174341030 // 3164086968","3203409278","http://hermes.invias.gov.co/carreteras/images/peajes/peaje.jpg","10,300","11,400","29,300","36,200","42,600","0","0","0","0","0","0","0","0","0","0","0","0","0","0","0","0","0","0","0","2","103","5501","8,200","6,800","0","5.29046083","5.29046083","Concesión Briceño - Tunja - Sogamoso","4"
"POINT (-75.60650599999997 9.465677000000028)","CAIMANERA",,"Coveñas - San Onofre","Sur – Norte","41","129","3216177100","3153483271","http://hermes.invias.gov.co/carreteras/images/peajes/peaje.jpg","15,300","22,100","22,100","22,100","40,000","63,400","73,100","0","0","700","0","0","0","800","0","0","1,000","0","800","800","800","0","700","0","2","136","9004","0","0","8,000","9.46562409","9.46562409","Por Definir","11"
"POINT (-75.55537446799997 5.094251146000033)","QUIEBRA DE VELEZ",,"Tres Puertas - Quiebra de Vélez - Manizales",,"0","0",,,"http://hermes.invias.gov.co/carreteras/images/peajes/peaje.jpg","3,100","9,600","0","33,000","37,600","0","0","0","0","0","0","0","0","0","0","0","0","0","0","0","0","0","0","0","3","171",,"0","0","0","5.09425115","5.09425115",,"5"
"POINT (-75.53127299999994 6.150630000000035)","LAS PALMAS","Km. 5 RUTA 5601 Vía Medellín -  La Ceja","Glorieta Las Palmas - La Unión","Oriente – Occidente","0","0","(4) 4446178 - 2228085 - 4602225","(4) 4446178 - 2228085 - 4602225","http://hermes.invias.gov.co/carreteras/images/peajes/peaje.jpg","12,200","14,700","14,700","14,700","32,300","43,300","48,500","0","0","0","0","0","6,400","7,300","5,000","0","0","0","200","0","200","200","0","0","2","106","5601","0","0","0","6.15067302","6.15067302","Concesión Túnel Aburrá - Oriente S.A.","1"
"POINT (-72.57131999999996 7.721372000000031)","LOS ACACIOS","Km 119+900","Pamplona - Cúcuta","Aplica en ambos sentidos","118","1,646","3203452139","(7) 5767878","http://hermes.invias.gov.co/carreteras/images/peajes/peaje.jpg","7,900","11,100","24,700","31,800","36,200","0","0","0","0","0","0","0","0","0","0","0","0","0","0","0","0","0","0","0","2","105","5505","8,800","8,500","6,300","7.72138208","7.72138208","CONCESIÓN UNIÓN  VIAL RÍO PAMPLONITA","18"
"POINT (-75.59884599999998 5.048662000000036)","SANTAGUEDA","Cruce Guayacanes – La Manuela Km 6","Chinchiná - La Manuela","Ambos sentidos de circulación","6","1,092","3138176567 #850","(6) 3282720","http://hermes.invias.gov.co/carreteras/images/peajes/peaje.jpg","14,600","17,500","17,500","17,500","42,600","53,200","61,600","0","0","0","0","0","0","0","0","0","0","0","0","0","0","0","0","0","2","43","29CL03","0","0","0","5.04864826","5.04864826","CONCESIÓN AUTOPISTAS DEL CAFE","5"
"POINT (-76.25338315999994 3.972040719000063)","BETANIA","Km 14 Vía Aguasclaras – Ocaña","Aguaclara - Río de Oro","Sur - Norte // Norte - Sur","78","131","3155602442","3155602442","http://hermes.invias.gov.co/carreteras/images/peajes/peaje.jpg","8,200","10,600","25,000","34,000","37,700","0","0","0","0","0","0","0","0","0","0","0","0","0","0","0","0","0","0","0","3","35","25505","0","0","0","3.97204072","3.97204072","PISA Proyectos de Infraestructura S.A.","25"
"POINT (-73.59670299999993 4.194172000000037)","PUENTE AMARILLO","Conexión Anillo vial Cumaral Km 7+135","Cumaral - Barranca de Upía","Bidireccional","7","133","3178942293  - 018000180818","3168341260","http://hermes.invias.gov.co/carreteras/images/peajes/peaje.jpg","4,800","16,000","10,200","16,000","22,600","30,100","34,100","0","0","0","0","0","0","0","0","0","0","0","0","0","0","0","0","0","2","120","6510","0","0","0","4.19414181","4.19414181","Concesión Vial del Oriente - COVIORIENTE S.A.S","16"
"POINT (-74.88053099999996 4.2455020000000445)","CHICORAL","Km. 17+0350 de la ruta 4004B que corresponde a la vía Variante de Chicoral","Variante Chicoral","Aplica en ambos sentidos de circulación","0","6,493","3212087489","3138863287","http://hermes.invias.gov.co/carreteras/images/peajes/peaje.jpg","13,800","15,100","13,800","17,900","36,100","48,000","53,000","0","0","0","0","0","5,900","0","0","0","0","0","0","0","0","0","0","0","2","52","4004B","10,100","9,900","7,100","4.2454536","4.2454536","Concesionaria San Rafael  S.A.","24"
"POINT (-73.46328699999998 4.056970000000035)","LA LIBERTAD","Vía Villavicencio – Puerto López Km 18+900","Villavicencio - Paso por el Puente sobre el Río La Balsa -Puerto Lopez","Oriente","17","585","3223472204 - #765","(8) 6700868 – 3115615494","http://hermes.invias.gov.co/carreteras/images/peajes/peaje.jpg","16,900","32,700","26,200","43,100","63,700","83,600","95,900","0","0","6,100","0","0","0","7,900","0","0","0","0","0","0","0","0","0","0","2","59","4007","0","0","0","4.05685996","4.05685996","Concesión Autopistas de los Llanos","16"
"POINT (-75.76372499999997 8.630711000000076)","PURGATORIO","Via Planeta Rica – Montería Km 32+500 Recorrido 49 KMS","Caucasia - Planeta Rica","Aplica en ambos sentido de circulación","32","672","0947911207","3116346239 - 3116346139","http://hermes.invias.gov.co/carreteras/images/peajes/peaje.jpg","16,100","23,700","23,700","23,700","42,700","67,800","78,000","0","0","0","0","0","0","8,400","2,500","0","0","400","12,500","10,400","10,400","0","0","0","2","6","2513","0","0","0","8.63065943","8.63065943","Concesión Ruta al Mar","11"
"POINT (-74.45699199999996 6.294714000000056)","ZAMBITO","Vía Rio Ermitaño La Lizama Km 6","Río Ermitaño - La Lizama","Aplica en ambos sentido de circulación","9","300",,"3165298178","https://hermes.invias.gov.co/recursos/Fichas%20Peajes/3920.pdf","13,500","17,000","39,500","47,300","55,600","0","0","0","0","0","0","0","0","0","0","0","0","0","0","0","0","0","0","0","2","71","4511","11,000","10,800","7,800","6.29471399","6.29471399","Concesionaria Ruta Del Sol","22"
"POINT (-77.40865520399996 1.0872841020000692)","EL PLACER 2","A un Kilometro del Municipio de Tangua Km. 56+050","Puente Internacional Rumichaca - San Juan de Pasto","Aplica en ambos sentidos de circulación","56","81","Móvil1: 3174275839 -  atiende los municipios Ipiales -  Contadero e Iles Móvil 2: 3174042366 -  atiende a los Municipios de Imués -  Yacuanquer -  Tangua y Pasto","3173682092 – 3173310921","http://hermes.invias.gov.co/carreteras/images/peajes/peaje.jpg","12,300","15,000","29,500","36,900","39,800","0","0","0","0","0","0","0","0","5,800","0","0","0","0","7,600","0","0","0","0","0",,"9","2501","0","0","0","1.0872841","1.0872841","Concesionaria Víal Uníon del Sur","17"
"POINT (-75.26426699999996 10.13615900000002)","GAMBOTE","Km 61+400 Ruta 9005 Troncal de Occidente","Cruz del Viso - Cartagena","Ambos sentidos de circulación","61","583","3212057227","3212057230","http://hermes.invias.gov.co/carreteras/images/peajes/peaje.jpg","11,200","12,400","27,500","36,600","41,800","0","0","0","0","0","0","0","0","0","0","0","0","0","0","0","0","0","0","0","2","138","9005","8,700","8,400","6,000","10.13613313","10.13613313","Ruta Caribe","3"
"POINT (-74.16849499999995 10.608983000000023)","TUCUNICA","KM 50 Rio Ariguani – Ye de Cienaga","Paso Nacional por Aracataca - Ye de Ciénaga","Norte – Sur","48","678","018000945566 Opción 1","3176486588","http://hermes.invias.gov.co/carreteras/images/peajes/peaje.jpg","10,900","11,900","27,800","36,400","42,200","0","0","0","0","0","0","0","0","0","0","0","0","0","0","12,300","16,100","18,700","0","0","2","78","4518","10,300","9,800","7,000","10.60894721","10.60894721","Concesión (Yuma)","15"
"POINT (-74.73146434099993 4.403316390000043)","PUBENZA","Vía Chía – La Mesa – Girardot Km 16  Jurisdicción del Municipio de Tocaima","Girardot - Tocaima","Norte - Sur // Sur Norte","0","0","#815 Tigo - 018000953550","#815 Tigo - 018000953550","http://hermes.invias.gov.co/carreteras/images/peajes/peaje.jpg","8,500","9,600","10,900","14,400","21,000","28,000","32,200","0","0","0","0","0","0","0","0","0","0","0","0","0","0","0","0","0","3","170",,"0","0","0","4.40331639","4.40331639","CONCESIÓN DEVISAB","12"
"POINT (-74.17147724299997 4.744624343000055)","LA TEBAIDA","Kilómetro 8 Vía Mosquera - Chía Jurisdicción del Municipio de Funza","Funza - Cota","Sur - Norte // Norte - Sur","0","0","*815 - 018000953550","*815 - 018000953550","http://hermes.invias.gov.co/carreteras/images/peajes/peaje.jpg","11,200","13,500","13,500","15,600","34,500","42,400","44,800","0","0","0","0","0","0","0","0","0","0","0","0","0","0","0","0","0","3","165",,"0","0","0","4.74462434","4.74462434","CONCESIÓN DEVISAB","12"
"POINT (-74.07339499999995 4.452599000000021)","BOQUERÓN I","Tramo que cubre:Vía Rincón Hondo - Agustín Codazzi","San Roque - La Paz","Occidente – Oriente // Oriente – Occidente","4","122","3123060332 - 3105851322 -3105851325 y #713","3123063223 - 3123030336 – 3105851322","http://hermes.invias.gov.co/carreteras/images/peajes/peaje.jpg","16,500","48,500","24,500","64,100","72,300","80,300","96,200","0","0","0","0","0","400","400","1,800","6,100","0","0","12,700","400","0","0","0","0","2","55","4006","0","0","8,000","4.45254251","4.45254251","COVIANDINA S.A.S.","12"
"POINT (-75.49062114199995 10.34234351400005)","LA HEROICA","Variante Mamonal - Gambote","Variante Mamonal - Gambote","Ambos sentidos de circulación","0","0","(57) (5)6609002 - 6607822 - 6609125","(57) (5)6609002 - 6607822 - 6609125","http://hermes.invias.gov.co/carreteras/images/peajes/peaje.jpg","2,900","4,600","8,200","10,700","16,400","0","0","0","0","0","0","0","0","0","0","0","0","0","0","0","0","0","0","0","5","179",,"0","0","0","10.34234351","10.34234351","CONVIAL","3"
"POINT (-75.45055899999994 10.574535000000026)","MARAHUACO","Km 16 Vía Cartagena  - Barranquilla","Cartagena - Lomita Arena","Ambos sentidos de circulación","15","949","018000977330 - 3114803629","3124572713 - 3157210245 Ó # 212 Movistar / 3106303666 Ó # 211 Claro / 3004510014 Ó # 211 Tigo","http://hermes.invias.gov.co/carreteras/images/peajes/peaje.jpg","18,400","27,600","20,200","35,000","109,100","145,500","161,600","0","0","0","0","0","0","2,400","0","0","0","0","2,400","0","0","0","0","0","2","146","90A01","0","0","0","10.57453506","10.57453506","Concesión Costera - Barranquilla - Cartagena","3"
"POINT (-75.50528033199998 5.125518510000063)","LA ESTRELLA",,"Manizales - Neira",,"0","0",,,"http://hermes.invias.gov.co/carreteras/images/peajes/peaje.jpg","6,100","7,100","0","22,500","25,300","0","0","0","0","0","0","0","0","0","0","0","0","0","0","0","0","0","0","0","3","164",,"0","0","0","5.12551851","5.12551851",,"5"
"POINT (-75.59936863599995 6.331802050000022)","PAJARITO",,"Medellín - San Pedro",,"0","0",,,"http://hermes.invias.gov.co/carreteras/images/peajes/peaje.jpg","6,000","6,800","0","18,800","21,600","0","0","0","0","0","0","0","0","0","0","0","0","0","0","0","0","0","0","0","3","168",,"0","0","0","6.33180205","6.33180205",,"1"
"POINT (-74.42616786599996 4.901355703000036)","JALISCO","Peaje Río Bogotá – Facatativá – Villeta – Vianí – Cambao Km 89+400 Jurisdicción del Municipio de Albán","Sasaima - Albán","Occidente - Oriente // Oriente - Occidente","0","0","3102576509","3102576509  // 31*288","http://hermes.invias.gov.co/carreteras/images/peajes/peaje.jpg","12,400","16,800","14,100","19,600","35,300","45,700","55,000","0","0","0","0","0","7,900","0","0","0","0","0","0","0","0","0","0","0","3","163",,"0","0","0","4.9013557","4.9013557","CONCESIÓN PANAMERICANA","12"
"POINT (-75.61868199999998 4.950099000000023)","TARAPACÁ II","Vía Pereira – Chinchiná PR29RSC Km 24 + 100","Intersección Jazmín - Estación de  Servicio Chinchiná","Aplica en ambos sentidos de circulación","24","754","3138176567 #850","(6) 3282720","http://hermes.invias.gov.co/carreteras/images/peajes/peaje.jpg","16,100","21,300","21,300","21,300","52,500","69,600","77,700","0","0","0","0","0","0","0","0","0","0","0","0","0","0","0","0","0","2","45","29RSC","0","0","0","4.95009882","4.95009882","Concesión Autopistas del Café","21"
"POINT (-73.03420731899996 6.917377914000042)","LOS SANTOS",,"Piedecuesta - Los Santos","En ambos sentidos","0","0","037  646 9396 - 320 8003657","037 656 8002 - 316 6058384","http://hermes.invias.gov.co/carreteras/images/peajes/peaje.jpg","0","0","0","0","0","0","0","0","0","0","0","0","0","0","0","0","0","0","0","0","0","0","0","0","3","166",,"0","0","0","6.91737791","6.91737791","Concesión CONSTRUVICOL S.A","22"
"POINT (-72.32187624099998 11.606513783000025)","URIBIA",,"Cuatrovias - Uribia",,"0","0",,,"http://hermes.invias.gov.co/carreteras/images/peajes/peaje.jpg","0","0","0","0","0","0","0","0","0","0","0","0","0","0","0","0","0","0","0","0","0","0","0","0","4","180",,"0","0","0","11.60651378","11.60651378",,"13"
"POINT (-74.30188939099997 4.444164659000023)","SAN MIGUEL",,"Fusagasugá - Sibaté",,"0","0",,,"http://hermes.invias.gov.co/carreteras/images/peajes/peaje.jpg","7,900","9,800","26,100","44,900","47,800","0","0","0","0","0","0","0","0","1,600","0","0","0","0","1,600","0","0","0","0","0","3","173",,"0","0","0","4.44416466","4.44416466",,"12"
"POINT (-74.29866118599995 4.581542020000029)","NUEVO SALTO","Kilómetro 1.4 Vía Chusacá – El Triunfo – Viotá – El Portillo en la Vereda Charquito (Soacha)","El Colegio - El Charquito","Aplica en ambos sentidos","0","0","Por Definir","3114810850","http://hermes.invias.gov.co/carreteras/images/peajes/peaje.jpg","11,700","14,200","14,300","16,700","32,100","49,500","53,700","8,500","0","0","0","0","0","7,600","0","0","0","0","5,300","9,500","0","0","0","0","3",,,"0","0","0","4.58154202","4.58154202","Concesión Troncal del Tequendama.","12"
"POINT (-74.47617448699998 4.580988633000061)","SAN PEDRO","Chía - La Mesa - Girardot Km.61 Jurisdicción del Municipio de la Mesa","La Mesa - Anapoima","Norte - Sur // Sur - Norte","14","1,007","#815 Tigo  018000953550","#815 Tigo  018000953550","http://hermes.invias.gov.co/carreteras/images/peajes/peaje.jpg","10,500","11,700","13,500","18,200","39,200","51,000","58,900","0","0","0","0","0","0","0","0","0","0","0","0","0","0","0","0","0","3",,"4702","0","0","0","4.58098863","4.58098863","CONCESIÓN DEVISAB","12"
"POINT (-74.29398252399994 4.638241525000069)","MONDOÑEDO","Vía Chía – La Mesa – Girardot Km 105 Jurisdicción del Municipio de Bojacá","La Mesa - Mosquera","Norte - Sur // Sur Norte","0","0","#815  Tigo - 018000953550","#815  Tigo - 018000953550","http://hermes.invias.gov.co/carreteras/images/peajes/peaje.jpg","11,200","13,500","13,500","15,600","44,800","61,600","70,300","0","0","0","0","0","0","0","0","0","0","0","0","0","0","0","0","0","3","167",,"0","0","0","4.63824153","4.63824153","CONCESIÓN DEVISAB","12"
"POINT (-74.28980913199996 4.627165433000073)","RAMAL","kilómetro 106 Via Mosquera - Ramal a Soacha","Variante Soacha - La Mesa","Occidente - Oriente // Oriente - Occidente","0","0","#815 Tigo – 018000953550","#815 Tigo – 018000953550","http://hermes.invias.gov.co/carreteras/images/peajes/peaje.jpg","11,200","13,500","13,500","15,600","44,800","61,600","70,300","0","0","0","0","0","0","0","0","0","0","0","0","0","0","0","0","0","3","172",,"0","0","0","4.62716543","4.62716543","CONCESIÓN DEVISAB","12"
"POINT (-73.72141999999997 4.200048000000038)","PIPIRAL","Vía Villavicencio – Puente Susumuco Km 78+020","Bogotá (El Portal) - Villavicencio","Occidente","72","40","3123060332 - 3105851322 -3105851325 y #713","3214698772 - 3105851322","http://hermes.invias.gov.co/carreteras/images/peajes/peaje.jpg","23,000","45,100","30,900","53,900","58,800","89,900","116,200","0","0","0","0","0","3,300","3,700","3,700","3,400","0","0","0","0","0","0","0","0","2","58","4006","0","0","0","4.20109533","4.20109533","COVIANDINA S.A.S.","16"
"POINT (-75.44341613499995 10.356975453000075)","TURBACO","Km 60+00 y 68+00 Ruta 9005 Troncal de Occidente","Cruz del Viso - Cartagena","Ambos sentidos de circulación","96","420","3212057227","3212057230","http://hermes.invias.gov.co/carreteras/images/peajes/peaje.jpg","5,100","11,500","14,100","14,100","14,100","0","0","0","0","0","0","0","0","0","0","0","0","0","3,900","0","0","0","0","0","2","139","9005","0","0","0","10.35697545","10.35697545","Ruta Caribe","3"
"POINT (-75.52654658799997 10.406785050000053)","BAZURTO  (MANGA)","Vía Puente Nacional – San Gil Km 62+950","Puente Nacional - San Gil","Ambos sentidos de circulación","0","0","(57) (5)6609002 - 6607822 - 6609125","(57)(5)6609002 - 6607822 - 6609125","http://hermes.invias.gov.co/carreteras/images/peajes/peaje.jpg","2,300","4,100","0","9,600","14,800","0","0","0","0","0","0","0","0","0","0","0","0","0","0","0","0","0","0","0","5","160",,"0","0","8,000","10.40678505","10.40678505","CONVIAL","3"
"POINT (-75.50592218199995 10.383016105000024)","CEBALLOS",,"La Línea - Cajamarca","Ambos sentidos de circulación","0","0","(57) (5)6609002 - 6607822 - 6609125","(57) (5)6609002 - 6607822 - 6609125","http://hermes.invias.gov.co/carreteras/images/peajes/peaje.jpg","2,500","4,100","0","9,600","14,800","0","0","0","0","0","0","0","0","0","0","0","0","0","0","0","0","0","0","0","5","176",,"0","0","0","10.38301611","10.38301611","CONVIAL","3"
"POINT (-75.46135699599995 6.179659296000068)","SANTA ELENA","Km 21+500  -  Vía Medellín - Ríonegro","Vía Antigua a Rionegro","Ambos sentidos de circulación","0","0","(4) 4446178 - 2228085 - 4602225","(4) 4446178 - 2228085 - 4602225","http://hermes.invias.gov.co/carreteras/images/peajes/peaje.jpg","10,000","12,100","22,100","24,900","27,500","0","0","0","0","0","0","0","0","0","0","0","0","0","0","0","0","0","0","0","3","174","0","12,900","0","0","6.1796593","6.1796593","Concesión Túnel Aburrá - Oriente  S.A","1"
"POINT (-75.47889079799995 6.170653887000071)","VARIANTE LAS PALMAS",,"Las Palmas - Aeropuerto",,"0","0",,,"http://hermes.invias.gov.co/carreteras/images/peajes/peaje.jpg","0","0","0","0","0","0","0","0","0","0","0","0","0","0","0","0","0","0","0","0","0","0","0","0","3","175",,"0","0","0","6.17065389","6.17065389","Concesión Túnel Aburrá-Oriente","1"
"POINT (-75.42366099999998 6.395797000000073)","CABILDO","Vía Ubate Puente Nacional  Km 66+200 Jurisdicción Saboyá","Ubaté - Puente Nacional",,"0","0","01-8000-522-44-77","2892224 - 3108992859","http://hermes.invias.gov.co/carreteras/images/peajes/peaje.jpg","16,700","18,400","19,500","28,300","49,000","61,500","71,000","0","0","0","0","0","0","2,700","0","0","0","0","2,700","0","0","0","0","0","2","23","0","0","0","8,000","6.39579652","6.39579652",,"1"
"POINT (-75.65108299999997 6.293192000000033)","ABURRA","Oriente Occidente Km 39+600 Occidente Oriente Km 44+800 -  vía Santa Fe de Antioquia Medellín","Puente Aurrá - Medellín","Santa Fe de Antioquia - Medellín","0","0","3176676335   018000400016","(1) 2863300","http://hermes.invias.gov.co/carreteras/images/peajes/peaje.jpg","20,600","23,200","50,400","65,600","78,400","0","0","0","0","0","0","0","7,900","8,100","0","0","0","0","9,200","0","0","0","0","0","2","114","0","6,300","0","8,000","6.29302034","6.29302034","DESARROLLO VIAL AL MAR SAS","1"
"POINT (-72.83501399999994 4.112715000000037)","CASETABLA",,"Armenia - La Línea","Oriente","16","237","018000918624 Operadores Claro – Movistar #765","3102466017","http://hermes.invias.gov.co/carreteras/images/peajes/casetabla.jpg","6,900","7,400","8,200","8,200","30,400","37,600","42,400","0","0","0","0","0","0","0","0","0","0","0","0","0","0","0","0","0","2","60","4008","0","0","8,000","4.11265462","4.11265462","Concesión Autopistas de los Llanos","16"
"POINT (-74.75900299999995 10.799603000000047)","SABANAGRANDE","Vía Oriental Km 55","Palmar de Varela - Barranquilla","Ambos sentidos de circulación","64","807","3212057227","3006738048","http://hermes.invias.gov.co/carreteras/images/peajes/peaje.jpg","11,900","12,800","28,000","36,600","42,200","0","0","0","0","0","0","0","2,300","3,300","0","0","0","0","3,900","0","0","0","0","0","2","34","2516","8,700","8,400","6,000","10.79958164","10.79958164","Consorcio Ruta Caribe","2"
"POINT (-74.02893099999994 4.835358000000042)","FUSCA","Bogotá – Albarracín Km 4","Bogotá - Ubaté","Sur – Norte Aplica Únicamente saliendo de Bogotá","3","921","676 06 52","6760652  Opc 1 - 3125194023 – 3125196546","http://hermes.invias.gov.co/carreteras/images/peajes/peaje.jpg","11,100","19,200","12,500","27,800","42,100","54,000","59,900","0","0","0","0","0","0","0","0","0","0","0","15,700","0","0","0","0","0","2","101","45A04","0","0","0","4.87581637","4.87581637","CONCESIÓN ACCENORTE","12"
"POINT (-75.61644499999994 4.939546000000064)","TARAPACÁ I","Vía Pereira – Manizales Km. 20 + 200","La Romelia - Río Campo Alegre","Ambos sentidos de circulación","20","762","3138176567 #850","(6) 3282720","http://hermes.invias.gov.co/carreteras/images/peajes/peaje.jpg","16,100","21,300","21,300","21,300","47,800","69,600","77,700","0","0","0","0","0","0","0","0","0","0","0","0","0","0","0","0","0","2","41","2902","0","0","0","4.93904749","4.93904749","CONCESIÓN AUTOPISTAS DEL CAFE","21"
"POINT (-75.59457399999997 5.052200000000028)","SAN BERNARDO (TRINIDAD ll)","Tres Puertas – Puente La Libertad Km. 9 + 200","Tres Puertas -La Manuela - Estación Uribe","Ambos sentidos de circulación","9","177","3138176567 #850","(6) 3282720","http://hermes.invias.gov.co/carreteras/images/peajes/peaje.jpg","14,600","17,500","17,500","17,500","42,600","53,200","61,600","0","0","0","0","0","3,200","3,700","0","0","0","0","4,100","4,300","0","0","0","0","2","90","5005","0","0","0","5.05220567","5.05220567","CONCESIÓN AUTOPISTAS DEL CAFÉ","5"
"POINT (-74.41410799999994 5.06536600000004)","CAIQUEROS","Vía Cauyá - El Palo","Cauyá - La Felisa","Ambos sentidos de circulación","76","1,331","5939260","5939260 ---------3185577768---------- 3102613190----------- 3002149460","http://hermes.invias.gov.co/carreteras/images/peajes/peaje.jpg","12,800","16,600","40,800","49,200","56,500","0","0","0","0","0","0","0","2,100","2,400","0","0","0","0","0","0","0","0","0","0","2","93","5008","9,300","8,900","0","5.0654696","5.0654696","CONCESIÓN SABANA DE OCCIDENTE","12"
"POINT (-75.32005299999997 9.318891000000065)","LAS FLORES","Sincelejo-Puerta de Hierro-Calamar","Sincelejo - Corozal","Nor Oriente","5","600","3184095455 – 3182406622","3124964386","http://hermes.invias.gov.co/carreteras/images/peajes/peaje.jpg","6,100","15,600","24,200","30,600","35,000","0","0","0","0","0","0","0","0","2,400","5,600","0","0","0","4,600","0","0","0","0","0","1","31","2515","0","0","0","9.31884694","-75.320036","INVIAS","23"
"POINT (-75.60614799999996 4.698388000000023)","CIRCASIA","Vía Armenia - Pereira Km. 16+750","Armenia-Pereira","Norte Sur y Sur Norte","15","1,723","602 22 33","(6) 3282720 3138176567 #850","http://hermes.invias.gov.co/carreteras/images/peajes/peaje.jpg","19,200","24,400","24,400","24,400","59,200","72,700","80,900","0","0","0","0","0","0","0","0","0","0","0","0","0","0","0","0","0","2","40","2901","0","0","0","4.69835584","4.69835584","Concesión Autopistas del café","20"
"POINT (-74.10932199999996 11.253063000000054)","NEGUANJE","Ubicación: 6+500 Tramo que cubre: Puente Nenguange – Palomino","Santa Marta - Río Palomino","Aplica en ambos sentidos","6","759","(5) 728 85 43","3138891473 - (5) 7288542/43","http://hermes.invias.gov.co/carreteras/images/peajes/peaje.jpg","12,300","19,000","15,300","24,100","35,200","56,600","71,400","0","0","0","0","0","4,800","5,500","0","0","0","0","8,300","0","0","0","0","0","2","142","9008","0","0","0","11.25312936","11.25312936","Concesión Santa Marta - Paraguachón S.A.","15"
"POINT (-74.03146399999997 4.855403000000024)","UNISABANA","Bogotá – Albarracín Km 5+600","Bogotá - Ubaté","Sur – Norte","5","627","676 06 52","6760652  Opc 1 - 3125194023 – 3125196546","http://hermes.invias.gov.co/carreteras/images/peajes/peaje.jpg","0","0","0","0","42,100","54,000","59,900","0","0","0","0","0","0","0","0","0","0","0","0","0","0","0","0","0","2","80","45A04","0","0","0","4.86367548","4.86367548","CONCESIÓN  ACCENORTE","12"
"POINT (-72.16925299999997 4.351317000000051)","YUCAO","Vía Puerto López - Puerto Gaitán Km.99+200","Puerto López - Puerto Gaitán","Oriente","5","175","018000918624 Operadores Claro - Movistar #765","3102466052","http://hermes.invias.gov.co/carreteras/images/peajes/peaje.jpg","6,900","7,400","8,200","8,200","30,400","37,600","42,400","0","0","0","0","0","0","0","0","0","0","0","0","0","0","0","0","0","2","61","4008","0","0","0","4.35131747","4.35131747","Concesión Autopistas de los Llanos","16"
"POINT (-75.51553299999995 6.327955000000031)","GUARNE","Km 7 Autopista Medellín - Bogotá","Medellín - Santuario","Oriente","6","950","#618 - 018000518427 -  (4) 3860085","018000518427  - 408-08-42 - 3860085","http://hermes.invias.gov.co/carreteras/images/peajes/peaje.jpg","16,800","28,900","23,200","28,900","57,400","81,800","81,800","0","0","0","0","0","8,800","10,000","0","0","0","0","21,100","0","0","0","0","0","2","110","6004","0","0","0","6.32789781","6.32789781","Concesión Devimed","1"
"POINT (-75.30195599999996 2.7855780000000436)","LOS CAUCHOS","Vía Garzon – Neiva Km 98+499 Jurisdicción Municipio de Rivera","Garzón - Neiva","Aplica en ambos sentidos de circulación","98","628","311 260 50 25  - #296","320 995 5541","http://hermes.invias.gov.co/carreteras/images/peajes/los_cauchos.jpg","9,200","10,000","21,300","27,100","30,500","0","0","0","0","0","0","7,500","5,100","5,900","0","0","0","0","2,400","0","0","0","0","0","2","65","4505","8,700","8,400","6,400","2.7855838","2.7855838","Concesión Rodovias Colombia S.A.S","14"
"POINT (-75.59402499999999 5.968797000000052)","PRIMAVERA","KM 38+800 RUTA  2509 -  Via Medellin - La Pintada","La Pintada - Primavera","Sur – Norte","38","824","3185018100  - #272 Claro Movistar y Tigo","3173673153","http://hermes.invias.gov.co/carreteras/images/peajes/primavera.jpg","10,500","11,400","24,200","30,800","34,600","0","0","0","0","0","0","0","0","0","0","0","0","0","0","0","0","0","0","0","2","22","2509","0","0","0","5.96890118","5.96890118","CONCESION LA PINTADA S.A.S. (ODINSA)","1"
"POINT (-74.88958799999995 11.012700000000052)","PAPIROS","Vía al mar Km 101","Cartagena - Lomita Arena","Sentido Occidente Oriente","103","788","018000977330 - 3114803629","3173317167","http://hermes.invias.gov.co/carreteras/images/peajes/peaje.jpg","3,000","3,000","9,300","16,100","50,400","67,600","74,900","0","0","0","0","0","0","0","0","0","0","0","0","0","0","0","0","0","2","148","90A01","0","0","0","11.01269973","11.01269973","Concesión Costera - Barranquilla - Cartagena","2"
"POINT (-75.30725899999999 2.977802000000054)","NEIVA","Vía Neiva – Castilla Km 3+700 Jurisdicción Municipio de Neiva","Neiva - Natagaima","Aplica en ambos sentidos de circulación","3","728","667 10 30","3153340727 – 3174340907 - 3502621485","http://hermes.invias.gov.co/carreteras/images/peajes/peaje.jpg","15,700","19,400","23,900","30,300","46,300","58,000","67,100","0","0","0","0","0","4,900","1,600","0","0","0","0","1,600","5,300","5,300","0","0","0","2","66","4506","0","0","0","2.97779795","2.97779795","Concesión Autovía Neiva – Girardot","14"
"POINT (-73.77519199999995 4.026259000000039)","OCOA","Vía Villavicencio – Granada Km 54+450","Ye de Granada - Paso por el Puente sobre el Río Ocoa","Sur","54","629","(578) 668 49 90-91","(8) 6700868 – 3138860370 - 018000918624 - #76","http://hermes.invias.gov.co/carreteras/images/peajes/peaje.jpg","13,100","25,300","19,200","33,100","48,800","64,500","70,100","0","0","3,500","0","0","0","4,900","0","0","0","0","0","0","0","0","0","0","2","119","6509","0","0","0","4.0262463","4.0262463","Concesión Autopistas de Los Llanos","16"
"POINT (-74.61372959099998 5.497131704000026)","EL KORÁN","Bogotá – Medellín - Norte","El Korán - Guaduas","Sur – Norte Variante Guaduas - Intersección Koran","3","100","3185166166 / 018000914181","(1) 5188489","http://hermes.invias.gov.co/carreteras/images/peajes/peaje.jpg","18,900","26,400","37,100","77,200","95,800","113,600","0","0","0","0","0","0","0","4,300","0","0","0","0","4,300","0","0","0","0","0","1","97","5008B","13,100","12,600","9,400","5.4971317","-74.613481","INVIAS","12"
"POINT (-74.01057999999995 4.663374000000033)","LOS PATIOS","La Calera – Briceño Km 0+050","Bogotá (Los Patios) - Guasca","Sur – Norte","21","639","3102399451 -  3162340275 -  #762 y 018000181762","3118179035","http://hermes.invias.gov.co/carreteras/images/peajes/patios.jpg","12,300","19,200","29,600","43,300","59,300","59,700","0","0","0","0","0","0","4,900","5,700","0","0","0","6,000","11,500","0","0","0","0","0","2","98","5009","8,700","8,400","6,400","4.66372451","4.66372451","INVIAS – VIPSA","12"
"POINT (-73.94558699999999 4.809454000000073)","LA CABAÑA","La Calera – Briceño Km 21+800","Bogotá (Los Patios) - Guasca","Norte – Sur","0","0","3102399451 -  3162340275 -  #762 y 018000181762","3112178121","http://hermes.invias.gov.co/carreteras/images/peajes/la_cabana.jpg","12,300","19,200","29,600","43,300","59,300","59,700","0","0","0","0","0","0","0","5,700","0","0","0","0","11,500","0","0","0","0","0","2","99","5009","8,700","8,400","6,400","4.80953214","4.80953214","PERIMETRAL ORIENTAL DE BOGOTÁ S.A.S","12"
"POINT (-75.12491599999998 9.682155000000023)","EL CARMEN","Km 70+500 Troncal de Occidente Ruta 2515 Vía Sincelejo – Calamar","Puerta de Hierro - Carreto","Ambos sentidos de circulación","60","667","3162954845 - #270 Claro","3162954845","http://hermes.invias.gov.co/carreteras/images/peajes/el_carmen.jpg","11,100","12,300","25,400","32,300","36,400","0","0","0","0","0","0","0","1,400","1,600","0","0","0","0","1,600","0","0","0","0","0","2","32","2515","8,700","8,400","6,400","9.68130032","9.68130032","Autopista de la sabana","3"
"POINT (-75.85887099999997 4.999062000000038)","ACAPULCO","Vía Y de Cerritos  - Cauyá PR2507 Km 24","La Virginia - Remolinos","Aplica en ambos sentidos de circulación","24","45","018000423780 – 3219738470","3219738470","http://hermes.invias.gov.co/carreteras/images/peajes/acapulco.jpg","14,600","17,900","17,900","17,900","42,900","53,700","61,900","0","0","0","0","0","0","0","0","0","0","0","0","0","0","0","0","0","2","19","2507","0","0","8,000","4.99904882","4.99904882","CONCESION PACÍFICO TRES S.A.S  (ODINSA)","21"
"POINT (-73.12212399999999 11.276194000000032)","EL EBANAL","Ubicación: 53+950 Tramo que cubre:Vía Riohacha - Palomino","Río Palomino - Riohacha","Aplica en ambos sentidos de circulación","955","53","(5) 728 85 43","3143300807 - (5) 7288542 /43","http://hermes.invias.gov.co/carreteras/images/peajes/peaje.jpg","12,300","19,000","15,300","24,100","35,200","56,600","71,400","0","0","0","0","0","4,800","5,500","0","0","0","0","8,300","0","0","0","0","0","2","143","9009","0","0","0","11.27621663","11.27621663","Concesión  Santa Marta - Paraguachón S.A .","13"
"POINT (-74.86115299999994 4.1920990000000415)","FLANDES","Km. 4 Vía Espinal - Girardot","El Espinal - Girardot","Aplica en ambos sentidos de circulación","47","1,640","667 10 30","3153340727 – 3174340907 - 3502621485","http://hermes.invias.gov.co/carreteras/images/peajes/peaje.jpg","15,700","19,400","23,900","30,300","46,300","58,000","67,100","0","0","0","0","0","7,000","8,600","0","0","0","0","0","0","0","0","0","0","2","68","4507","0","0","0","4.19217311","4.19217311","Concesión Autovía Neiva - Girardot","24"
"POINT (-74.72971897899998 10.978719174000048)","LAUREANO GÓMEZ","KM 3+300 Vía Barranquilla – Santa Marta","Barranquilla - Santa Marta","Norte – Sur","5","569","3106303030 - 3106328761","3106328761","http://hermes.invias.gov.co/carreteras/images/peajes/peaje.jpg","10,100","1,200","28,100","37,200","42,100","0","0","0","0","0","0","0","0","0","0","0","0","0","0","0","0","0","0","0","3","158","9007","15,900","0","0","10.97871917","10.97871917","Concesión (Barranquilla -Ciénaga)","15"
"POINT (-73.44818899999996 4.261088000000029)","VERACRUZ","Vía Cumaral – Paratebueno Km 29+555","Cumaral - Barranca de Upía","Bidireccional","29","557","3178942293  - 018000180818","3168341260","http://hermes.invias.gov.co/carreteras/images/peajes/peaje.jpg","8,600","17,200","11,100","17,200","24,600","33,000","36,900","0","0","0","0","0","0","0","0","0","0","0","0","0","0","0","0","0","2","121","6510","0","0","0","4.26106406","4.26106406","Concesión Vial del Oriente - COVIORIENTE S.A.S","16"
"POINT (-74.33666433199994 10.977188152000053)","TASAJERA","KM 50 Vía Barranquilla – Santa Marta","Barranquilla - Santa Marta","Norte – Sur","50","881","3106303030 - 3106328761","3106328761","http://hermes.invias.gov.co/carreteras/images/peajes/peaje.jpg","10,100","12,000","28,100","37,200","42,100","0","0","0","0","0","0","0","0","0","0","0","0","0","0","0","0","0","0","0","3","159","9007","15,900","0","0","10.97718815","10.97718815","Concesión (Barranquilla -Ciénaga)","15"
"POINT (-75.89987199999996 4.407929000000024)","COROZAL","Vía La Paila - Armenia Km 23","La Paila - Club Campestre","Sur - Norte // Norte - Sur","21","1,604","3138176567 #850","(6) 3282720","http://hermes.invias.gov.co/carreteras/images/peajes/peaje.jpg","14,600","17,500","17,500","17,500","42,600","53,200","61,600","0","0","0","0","0","0","0","0","0","0","0","0","0","0","0","0","0","2","48","4002","0","0","0","4.4079604","4.4079604","AUTOPISTAS DEL CAFÉ","25"
"POINT (-75.37860999999998 6.4779980000000705)","PANDEQUESO","KM 38+700 RUTA 2510 -  vía Medellín – La costa","Medellìn - Hoyo Rico","Norte - Sur","0","0","094-4012277 - 018000524477","094-8664105 - 3108992850","http://hermes.invias.gov.co/carreteras/images/peajes/peaje.jpg","14,600","16,200","16,200","16,200","33,600","45,500","49,500","0","0","0","0","0","3,600","700","0","0","0","0","700","0","0","0","0","0","2","25","2510","0","7,800","6,000","6.47799776","6.47799776","CONCESION ANI","1"
"POINT (-75.99890899999997 8.81977500000005)","CEDROS","Via Puerto Rey – Montería Km 47 Recorrido  67 KMS","Puerto Rey - Monteria","Aplica en ambos sentido de circulación","46","1,001","094 - 7911207","3116346193 - 3116346192","http://hermes.invias.gov.co/carreteras/images/peajes/peaje.jpg","16,100","23,700","23,700","23,700","42,700","67,800","78,000","0","0","0","0","0","0","8,400","0","0","0","0","12,500","0","0","0","0","0","2","130","7401","0","0","0","8.81976837","8.81976837","Concesión Ruta al Mar","11"
"POINT (-74.26775399999997 9.831166000000053)","EL DIFÍCIL","KM 67+300 Plato – Pueblo Nuevo","Plato – Pueblo Nuevo","Sur – Norte","67","175","018000945566 Opción 1","3165298176","http://hermes.invias.gov.co/carreteras/images/peajes/peaje.jpg","11,700","14,600","30,500","43,200","46,200","0","0","0","0","2,600","0","0","0","2,900","0","0","0","0","0","0","0","0","0","0","2","132","8002","9,000","8,700","6,500","9.83114665","9.83114665","Concesión (Yuma)","15"
"POINT (-73.83988199999999 5.031285000000025)","EL ROBLE","Bogotá – Albarracín Km 36","Bogotá - Chocontá","Sur – Norte // Norte – Sur","0","0","3174422284 // 3174341120 //  3174341030 // 3164086968","3203409278","http://hermes.invias.gov.co/carreteras/images/peajes/peaje.jpg","10,300","11,400","29,300","36,200","42,600","0","0","0","0","0","0","0","4,600","4,800","0","0","0","0","0","0","0","0","0","0","2","102","5501","8,600","7,200","6,000","5.03129885","5.03129885","CONCESIÓN BRICEÑO – TUNJA – SOGAMOSO","12"
"POINT (-75.65987399999995 6.0469490000000405)","AMAGÁ","KM 03+100 RUTA 6005 Via Santuario - Puerto Triunfo","El Santuario - Cruce Ruta 45 (Caño Alegre)","Suroeste Tramo que cubre: Bolombolo - Camilo C","89","351","3207103032","3207103032","http://hermes.invias.gov.co/carreteras/images/peajes/amaga.jpg","10,500","11,400","24,200","30,800","34,600","0","0","0","0","0","0","7,500","0","0","0","0","0","0","4,800","10,700","0","0","0","0","2","109","6003","8,700","8,400","8,000","6.04695376","6.04695376","Concesión Vial del Pacífico","1"
"POINT (-75.39335799999998 9.872531000000038)","SAN ONOFRE","Vía San Onofre – Cruz del Viso Km 21+400 metros","San Onofre - María La Baja","Norte – Sur","21","497","3216177100","3104320955","http://hermes.invias.gov.co/carreteras/images/peajes/san_onofre.jpg","16,100","23,700","23,700","23,700","42,700","67,800","78,000","0","0","0","0","0","0","0","0","0","0","0","0","0","0","0","0","0","2","137","9005","0","0","0","9.86351925","9.86351925","Concesión Ruta al Mar","23"
"POINT (-75.43595099999999 9.430742000000066)","LA ESPERANZA","Toluviego - Sincelejo","Sincelejo - Toluviejo","Aplica en ambos sentidos","15","200","3184095455 – 3182406622","3124964386","http://hermes.invias.gov.co/carreteras/images/peajes/la_esperanza.jpg","10,900","11,800","25,300","31,800","36,100","0","0","0","0","0","0","0","0","3,000","5,800","0","0","0","0","0","0","0","0","0","1","39","25SC01","11,300","10,900","8,300","9.4307452","-75.435839","INVIAS","23"
"POINT (-72.54235205899994 11.444873653000059)","ALTO PINO","Cogua – Tausa Km 40+000","Rioacha - Paraguachon","Aplica en ambos sentidos de circulación","41","170","(5) 728 85 43","314 3300807 - (5) 7288542 /43","http://hermes.invias.gov.co/carreteras/images/peajes/peaje.jpg","12,300","19,000","15,300","24,100","35,200","56,600","71,400","0","0","0","0","0","4,800","5,500","0","0","0","0","8,300","0","0","0","0","0","2","144","9010","0","0","13,000","11.44487365","11.44487365","Concesión  Santa Marta Paraguachón S.A","13"
"POINT (-75.70068399999997 2.1428850000000352)","ALTAMIRA","Vía Planeta Rica - Sincelejo Km 26 + 300","Planeta Rica - La Ye","Aplica en ambos sentidos de circulación","497","60","311 260 50 25  - #296","320 995 5541","http://hermes.invias.gov.co/carreteras/images/peajes/altamira.jpg","10,700","12,000","24,600","31,300","35,400","0","0","0","0","0","0","7,500","2,400","2,700","0","0","0","0","0","0","0","0","0","0","2","64","4504","8,700","8,400","8,500","2.14291405","2.14291405","Concesión Rodovias Colombia S.A.S","14"
"POINT (-74.27180499999997 4.53745200000003)","CHUSACÁ","Soacha – Girardot Km 109","Girardot - Silvania - Bogotá (Bosa)","Sur - Norte // Norte - Sur","109","217","3104224687 - 3117872339 - 3117903187","3104224687 - 3117872339 - 3117903187","http://hermes.invias.gov.co/carreteras/images/peajes/peaje.jpg","13,300","14,900","31,500","51,100","58,600","0","0","0","0","0","0","0","0","0","0","0","0","0","0","0","0","0","0","0","2","54","4005","10,100","9,800","6,600","4.54776617","4.54776617","Concesión  Vía 40 Express","12"
"POINT (-75.05008699999996 4.300426000000073)","GUALANDAY","Km. 9+0600 de la ruta 4004 que corresponde a la vía Ibagué (Puente Blanco  El Espinal (cruce ruta 45))  Espinal","Ibague (Puente Blanco) - Cruce Ruta 45 (Espinal)","Aplica en ambos sentidos de circulación","9","551","3212087489","3138863287","http://hermes.invias.gov.co/carreteras/images/peajes/peaje.jpg","12,700","14,900","35,000","47,000","51,700","0","0","0","0","0","0","0","5,900","6,300","0","0","0","0","0","0","0","0","0","0","2","51","4404","9,900","9,300","6,600","4.3004288","4.3004288","Concesionaria San Rafael S.A.","24"
"POINT (-73.27843499999994 5.656912000000034)","TUTA","Via Tunja – Paipa Km 12+200 Jurisdiccion Combita","Tunja - Duitama","Ambos sentidos de circulación","11","1,055","3174422284","3174340959","http://hermes.invias.gov.co/carreteras/images/peajes/peaje.jpg","10,300","11,400","29,300","36,200","42,600","0","0","0","0","3,000","0","0","4,200","4,700","2,600","0","0","0","5,300","0","0","0","0","0","2","104","5502","8,200","6,800","5,700","5.6568966","5.6568966","Concesión Briceño - Tunja - Sogamoso","4"
"POINT (-75.43301599999995 6.399637000000041)","TRAPICHE","Km 4  Vía alterna Girardota Hatillo","Medellìn - Hoyo Rico","Norte","0","0","(054) 312 11 99-325 06 60","2892224 – 3108992859 - 01-8000-522-44-77","http://hermes.invias.gov.co/carreteras/images/peajes/peaje.jpg","16,700","18,400","19,500","28,300","49,000","61,500","71,000","0","0","0","0","0","0","2,700","0","0","0","0","2,700","0","0","0","0","0","2","24","2510","0","0","0","6.39963727","6.39963727",,"1"
"POINT (-75.67915599999998 5.812156000000073)","PINTADA","KM 03 RUTA 25B01 Vía Pintada – Bolombolo","La Pintada - Peñalisa","Sur – Norte","2","957","3185018100  - #272 Claro Movistar y Tigo","3173673153","http://hermes.invias.gov.co/carreteras/images/peajes/peaje.jpg","16,200","18,900","18,900","18,900","42,900","54,100","61,800","0","0","0","0","0","0","9,200","0","0","0","0","10,100","10,100","10,100","0","0","0","2","38","25B01","8,700","8,400","6,400","5.74946536","5.74946536","Concesión Pacifico Tres S.A.S.","1"
"POINT (-73.55339799999996 5.077249000000052)","MACHETÁ","Vía Sisga – Guateque Km 27","Brisas - Guateque","Ambos sentidos de circulación","27","250","320 928 4913 - 321 964 0314","320 928 4913 - 321 964 0314","http://hermes.invias.gov.co/carreteras/images/peajes/peaje.jpg","16,900","20,500","11,800","11,800","24,700","63,600","73,700","0","0","0","0","0","3,800","5,400","0","0","0","0","12,200","0","0","0","0","0","2","107","5607","8,700","8,400","6,400","5.07726298","5.07726298","CONCESIÓN DEL SISGA S.A.S.","12"
"POINT (-73.92382599999996 10.06037200000003)","EL COPEY","Km 10+300 Vía Bosconia – Rio Ariguani","Bosconia - Río Ariguaní","Sur – Norte","10","448","018000945566 Opción 1","3165280504","http://hermes.invias.gov.co/carreteras/images/peajes/peaje.jpg","10,100","11,100","25,800","33,700","39,100","0","0","0","0","0","0","0","0","0","0","0","0","0","0","11,400","14,900","17,300","0","0","2","77","4517","9,500","9,100","6,500","10.0603631","10.0603631","Yuma Concesionaria","9"
"POINT (-75.48508678499996 10.309658711000054)","CORRALITO DE PIEDRA","Variante Mamonal - Gambote","Vía a Barú","Ambos sentidos de circulación","26","328","(57) (5)6609002 - 6607822 - 6609125","(57) (5)6609002 - 6607822 - 6609125","http://hermes.invias.gov.co/carreteras/images/peajes/peaje.jpg","7,900","8,500","18,100","23,700","27,400","27,400","27,400","0","0","0","0","0","2,900","0","0","0","0","0","0","7,200","0","0","0","0","5","177","90BLB","0","0","0","10.30965871","10.30965871","CONVIAL","3"
"POINT (-74.90212199999996 10.837533000000064)","GALAPA","Vía Cordialidad Km 98","Sabanalarga - Barranquilla","Ambos sentidos de circulación","101","927","3212057229","3212057229","http://hermes.invias.gov.co/carreteras/images/peajes/peaje.jpg","11,900","12,800","27,300","35,100","39,500","55,700","61,800","0","0","0","0","0","0","0","0","0","0","0","0","0","0","0","0","0","2","140","9006","9,000","8,700","6,500","10.83754487","10.83754487","Autopista del Sol","2"
"POINT (-75.36517299999997 10.546992000000046)","BAYUNCA","KM 03+450 RUTA 2511 -  vía Medellin - La Costa","Los Llanos - Tarazá","Ambos sentidos de circulación","19","578","3212057227","3212057236","http://hermes.invias.gov.co/carreteras/images/peajes/peaje.jpg","11,200","12,400","27,500","36,600","41,800","0","0","0","0","0","0","0","0","0","0","0","0","0","0","0","0","0","0","0","2","141","9006","8,700","8,400","8,500","10.54696941","10.54696941","Autopistas del sol","3"
"POINT (-73.66972199999998 8.852804000000049)","PAILITAS","Km 28+500 Vía La Mata – San Roque","La Mata - San Roque","Norte – Sur – Norte","28","600",,"3165280395","https://hermes.invias.gov.co/recursos/Fichas%20Peajes/3802.pdf","12,300","13,300","27,300","34,800","39,500","0","0","0","0","0","0","0","4,800","5,200","0","0","0","0","200","12,000","15,300","17,500","0","0","2","75","4515","11,000","10,800","7,800","8.85280385","8.85280385","INVÍAS","9"
"POINT (-73.63943499999993 9.638003000000026)","LA LOMA","Km 42 Vía San Roque - Bosconia","San Roque - Bosconia","Sur – Norte","40","1,927","018000945566 Opción 1","3158210547","http://hermes.invias.gov.co/carreteras/images/peajes/peaje.jpg","10,400","11,400","24,700","31,800","36,200","0","0","0","0","0","0","0","0","0","0","0","0","0","0","10,900","14,100","16,000","0","0","2","76","4516","9,000","8,700","6,500","9.63801652","9.63801652","Concesión Yuma","9"
"POINT (-73.54651899999999 7.397176000000059)","LA GÓMEZ","Vía La Lizama – San Alberto Km 37 + 300","Cruce Ruta 45 (La Fortuna) - Lebrija","Sur – Norte","37","300","Por Definir","Por Definir","https://hermes.invias.gov.co/recursos/Fichas%20Peajes/3800.pdf","13,500","17,000","39,500","47,300","55,600","0","0","0","0","0","0","0","0","0","0","0","0","0","0","0","0","0","0","0","2","126","6602","11,000","10,800","7,800","7.39717597","7.39717597","INVIAS","22"
"POINT (-72.30502163899996 5.410988727000074)","ARANGUANEY (NO OPERATIVO)","Via Sogamoso Yopal Km 8+900  Jurisdiccion Sogamoso","Sogamoso - El Crucero","Bidireccional","16","800","Por Definir","Por Definir",,"0","0","0","0","0","0","0","0","0","0","0","0","0","0","0","0","0","0","0","0","0","0","0","0","1",,"6513","0","0","2,400","5.41098873","5.41098873","INVÍAS","7"
"POINT (-73.43075599999997 10.259704000000056)","VALENCIA","Km 87 Vía Pueblo Nuevo – Valledupar","Pueblo Nuevo – Bosconia – Valledupar","Sur – Norte","87","540","018000945566 Opción 1","3165280411","http://hermes.invias.gov.co/carreteras/images/peajes/peaje.jpg","10,400","11,400","24,700","31,800","36,200","0","0","0","0","0","0","0","0","0","0","0","0","0","0","0","0","0","0","0","2","133","8003","9,000","8,700","6,500","10.2597059","10.2597059","Yuma Concesionaria","9"
